Date,USDJPY_profit,USDJPY_lot,Price,Open,High,Low,Change %,USDJPY_World_lot,USDJPY_World_profit,USDJPY_China_lot,USDJPY_China_profit
2/1/2024,1234.11,36.05,141.98,140.88,142.23,140.81,0.79%,3.01,-280.45,21.13,573.23
3/1/2024,-1671.26,43.23,143.29,142,143.75,141.86,0.92%,6.8,100.1,46.12,"-2,508.49"
4/1/2024,1799.48,52.83,144.62,143.3,144.87,142.85,0.93%,14.19,297.21,8.59,73.1
5/1/2024,1649.7,62.21,144.65,144.63,145.99,143.81,0.02%,26.25,3753.67,77.11,"3,269.05"
8/1/2024,-3256.22,45.7,144.22,144.6,144.93,143.66,-0.30%,1.15,2.97,83.76,625.22
9/1/2024,-10002.21,55.21,144.47,144.27,144.64,143.42,0.17%,44.27,-49.96,191.33,"-5,973.64"
10/1/2024,-1232.99,45.76,145.73,144.48,145.86,144.32,0.87%,37.31,-1425.27,28.16,"1,008.25"
11/1/2024,1651.27,62.69,145.28,145.75,146.43,145.26,-0.31%,10.31,-1724.93,64.39,"-1,412.15"
12/1/2024,-3332.72,36.39,144.9,145.29,145.57,144.36,-0.26%,3.96,-46.43,59.58,"2,361.75"
15/01/2024,-1103.46,43.5,145.73,144.92,145.96,144.87,0.57%,8.56,152.11,66.6,"-4,917.52"
16/01/2024,93.18,50.29,147.18,145.74,147.33,145.58,0.99%,47.9,1379.82,69.95,"-2,969.63"
17/01/2024,3054.64,74.13,148.15,147.2,148.54,147.07,0.66%,24.16,234.83,28.19,"-2,954.03"
18/01/2024,-1298.35,40.7,148.15,148.15,148.32,147.65,0.00%,64.18,-1096.4,87.54,"-1,916.45"
19/01/2024,-715.31,35.3,148.14,148.13,148.82,147.84,-0.01%,3.45,-41.42,68.51,"-1,608.02"
22/01/2024,-5709.14,42.36,148.09,148.28,148.32,147.62,-0.03%,1.94,272.22,63.17,510.83
23/01/2024,445.72,35.86,148.36,148.1,148.73,146.99,0.18%,48.11,-824.48,88.6,-210.55
24/01/2024,2646.29,39.74,147.5,148.36,148.4,146.65,-0.58%,9.56,-966.58,30.59,"2,128.51"
25/01/2024,1738.62,35.95,147.65,147.51,147.94,147.08,0.10%,4.94,-541.99,30.79,"-1,190.87"
26/01/2024,1417.8,38.14,148.16,147.63,148.23,147.42,0.35%,2.57,50.02,13.79,-438.19
29/01/2024,-4317.64,27.87,147.49,148.12,148.34,147.25,-0.45%,3.29,98.86,10.34,-145.18
30/01/2024,394.26,37.53,147.6,147.51,147.95,147.1,0.07%,7.15,671.25,12.32,-412.83
31/01/2024,1477.49,54.48,146.88,147.61,147.91,146.01,-0.49%,6.66,44.49,46.44,161.98
1/2/2024,-3157.44,56.12,146.42,146.89,147.13,145.89,-0.31%,35.8,-5386.52,37.97,-485.8
2/2/2024,-1229.93,43.35,148.37,146.44,148.6,146.24,1.33%,22.73,792.66,103.94,230.56
5/2/2024,1947.07,41.53,148.67,148.36,148.92,148.26,0.20%,6.2,-235.03,42.01,-603.69
6/2/2024,1974.2,47.4,147.94,148.67,148.84,147.82,-0.49%,1.87,-41.57,47.41,161.71
7/2/2024,-1906.04,44.04,148.18,147.95,148.3,147.64,0.16%,6.02,0.81,37.12,-507.88
8/2/2024,-916.98,49.91,149.31,148.19,149.51,147.93,0.76%,63.51,-903.04,12.36,"-1,215.62"
9/2/2024,-242.97,22.61,149.3,149.33,149.6,149.01,-0.01%,39.64,-1759.14,24.05,-522.23
12/2/2024,635.92,33.68,149.34,149.25,149.49,148.93,0.03%,1.75,-9.36,18.79,95.93
13/02/2024,-1242.52,33.35,150.79,149.35,150.9,149.26,0.97%,12.11,-845.01,43.76,-506.98
14/02/2024,-1952.15,32.47,150.55,150.79,150.82,150.35,-0.16%,2.37,91.36,31.32,"-4,492.88"
15/02/2024,-669.31,21.86,149.91,150.57,150.6,149.54,-0.43%,3.75,-120.79,11.07,-83.56
16/02/2024,2164.22,50.51,150.21,149.93,150.65,149.82,0.20%,2.73,31.13,25.35,-58.44
19/02/2024,-8275.37,38.01,150.11,150.1,150.24,149.87,-0.07%,1.39,-15.07,10.77,81.34
20/02/2024,-1310.56,61.02,149.99,150.13,150.45,149.68,-0.08%,6.81,-87.85,65.67,-935.36
21/02/2024,-1375.94,55.22,150.28,150.01,150.41,149.85,0.19%,29.76,-871,21.13,-847.75
22/02/2024,-1132.29,84.83,150.51,150.31,150.7,150.01,0.15%,6.38,-403.39,203.73,"-6,181.92"
23/02/2024,-4148.38,75.46,150.5,150.54,150.79,150.3,-0.01%,1.25,8.61,22.89,-231.12
26/02/2024,2903.92,62.89,150.69,150.48,150.85,150.29,0.13%,1.99,-82.27,19.48,-557.95
27/02/2024,2605.16,65.54,150.5,150.7,150.72,150.07,-0.13%,9.97,405,17.27,752.48
28/02/2024,4744.43,58.41,150.67,150.51,150.85,150.37,0.11%,9.68,-729.84,19.39,-723.38
29/02/2024,-6323.33,68.88,149.98,150.7,150.7,149.2,-0.46%,5.74,-21.04,50.3,"1,757.62"
1/3/2024,-6599.7,58.05,150.11,149.98,150.73,149.95,0.09%,6.07,-639.63,100.73,"-2,864.72"
4/3/2024,395.31,66.19,150.51,150.11,150.64,149.83,0.27%,1.75,-1.69,43.6,"-1,447.29"
5/3/2024,3669.65,61.4,150.04,150.52,150.64,149.7,-0.31%,5.8,-1316.26,60.55,522.17
6/3/2024,-5501.71,86.09,149.37,150.04,150.1,149.09,-0.45%,2.33,-43.11,78.48,346.56
7/3/2024,-1015.07,75.75,148.03,149.36,149.4,147.58,-0.90%,1.78,-307.78,57.23,576.23
8/3/2024,-2075.96,56.91,147.07,148.04,148.12,146.48,-0.65%,8.78,-8008.14,73.82,408.39
11/3/2024,1606.66,27.96,146.94,147.07,147.18,146.48,-0.09%,1.99,-9.39,20.89,-132.18
12/3/2024,453.86,53.83,147.68,146.95,148.15,146.62,0.50%,6.16,145.29,94.09,767
13/03/2024,972.54,35.14,147.74,147.7,148.06,147.23,0.04%,4.21,66.05,39.55,457.04
14/03/2024,1768.35,74.27,148.32,147.76,148.37,147.43,0.39%,5.74,-89.19,54.29,896.98
15/03/2024,2157.62,41.33,149.02,148.36,149.2,148.03,0.47%,6.52,2646.29,111.32,"1,893.87"
18/03/2024,-535.7,37.12,149.14,149.01,149.33,148.9,0.08%,3.05,9.37,91.64,136.6
19/03/2024,-629.55,44.46,150.85,149.16,150.97,149.03,1.15%,7.79,154.2,55.07,-401.23
20/03/2024,-1052.08,55.69,151.25,150.89,151.88,150.73,0.27%,7.83,-2727.05,82.63,"-5,472.67"
21/03/2024,-1188.98,72.8,151.61,151.26,151.81,150.26,0.24%,2.09,94.87,192.18,"1,317.25"
22/03/2024,1384.67,47.63,151.42,151.64,151.87,151,-0.13%,1.01,-41.32,159.11,"1,568.49"
25/03/2024,1902.02,42.09,151.41,151.44,151.55,151.04,-0.01%,1.64,87,14.97,-208.97
26/03/2024,-1064.81,65.21,151.55,151.42,151.62,151.2,0.09%,1.19,-3.99,146.76,-106.62
27/03/2024,3193.66,73.24,151.32,151.57,151.98,151.03,-0.15%,5.87,-1283.34,106.71,114.22
28/03/2024,-737.09,83.17,151.37,151.32,151.56,151.15,0.03%,1.2,-64.78,39.3,-854.18
29/03/2024,5305.45,277.73,151.31,151.38,151.51,151.17,-0.04%,2.1,-63.17,274.16,"1,024.79"
1/4/2024,-2211.07,42.86,151.63,151.32,151.78,151.22,0.21%,2.13,-116.7,55.88,"-1,064.54"
2/4/2024,3323.64,96.29,151.55,151.65,151.82,151.46,-0.05%,2.17,7.24,359.72,"4,918.03"
3/4/2024,-1457.22,105.09,151.68,151.56,151.96,151.44,0.09%,1.69,-13.12,83.01,294.36
4/4/2024,969.18,69.15,151.33,151.7,151.79,151.12,-0.23%,2.52,3.32,52.35,"1,453.27"
5/4/2024,-3663.07,62.28,151.61,151.35,151.76,150.81,0.19%,1.83,-17.28,19.77,-592.22
8/4/2024,170.73,67.4,151.79,151.57,151.96,151.56,0.12%,3.7,-880.54,55.06,"-1,290.48"
9/4/2024,-4312.33,75.22,151.77,151.81,151.95,151.57,-0.01%,1.61,34.39,71.46,-29.29
10/4/2024,4995.93,85.31,153.17,151.75,153.25,151.68,0.92%,12.1,-1659.18,132.42,"-2,573.88"
11/4/2024,-2522.51,71.53,153.27,153.16,153.33,152.76,0.07%,6.21,-1256.36,176.56,"2,852.27"
12/4/2024,-4926.33,79.07,153.28,153.27,153.4,152.59,0.01%,14.3,-1483.03,16.32,-807.19
15/04/2024,5242.62,69.77,154.27,153.09,154.46,152.99,0.65%,0.72,62.21,47.25,"-2,008.74"
16/04/2024,-8386.8,72.29,154.71,154.27,154.8,153.9,0.29%,1.1,-21.45,60.53,"1,207.86"
17/04/2024,4678.87,133.33,154.38,154.72,154.76,154.16,-0.21%,9.94,299.18,54.02,-320.6
18/04/2024,-8056.19,76.95,154.63,154.39,154.72,153.95,0.16%,2.07,32.54,89.14,858.83
19/04/2024,-3176.17,66.28,154.63,154.65,154.68,153.58,0.00%,5.86,73.5,39.09,-352.91
22/04/2024,-5666.05,80.94,154.84,154.64,154.89,154.46,0.14%,0.82,-26.27,59.7,"1,153.21"
23/04/2024,4032.88,104.53,154.82,154.85,154.88,154.56,-0.01%,11.94,114.12,116.35,"1,303.94"
24/04/2024,-638.37,76.76,155.34,154.83,155.39,154.73,0.34%,7.66,-466.6,231.2,"-4,104.03"
25/04/2024,650.64,78.61,155.65,155.32,155.76,155.2,0.20%,1.06,-452.84,89.7,"-2,590.92"
26/04/2024,-2139.98,70.02,158.33,155.62,158.45,154.98,1.72%,3.44,-2367.87,170.84,"-8,000.61"
29/04/2024,-1400.34,57.98,156.33,157.82,160.05,154.52,-1.26%,33.37,16081.73,280.48,"-33,915.70"
30/04/2024,-4969.86,53.33,157.8,156.35,157.86,156.07,0.94%,3.27,-517.59,137.19,"-1,504.68"
1/5/2024,1531.26,77.6,154.47,157.81,158.04,153.18,-2.11%,2.72,21.63,96.62,"3,356.71"
2/5/2024,177.16,88.78,153.63,154.93,156.29,153.06,-0.54%,3.39,-6000.6,227.1,"-6,848.55"
3/5/2024,-142.47,52.84,152.98,153.65,153.8,151.86,-0.42%,3.28,66.15,82.69,"1,423.34"
6/5/2024,-2135.87,44.93,153.88,152.88,154.01,152.81,0.59%,9.53,-1111.62,16.14,-272.38
7/5/2024,1276.32,62.3,154.69,153.9,154.78,153.86,0.53%,0.93,62.73,62.69,-245.68
8/5/2024,6913.58,87.2,155.48,154.7,155.69,154.56,0.51%,6.65,1347.6,145.72,"1,560.97"
9/5/2024,5860.28,90.05,155.46,155.5,155.97,155.16,-0.01%,3.84,529.6,154.42,-172.02
10/5/2024,-111,62.22,155.72,155.47,155.92,155.26,0.17%,10.67,-931.14,216.19,"2,732.85"
13/05/2024,1473.86,87.88,156.2,155.74,156.31,155.56,0.31%,7.4,179.91,30.29,"-2,060.93"
14/05/2024,1301.34,132.34,156.42,156.18,156.78,156.14,0.14%,11.74,58.57,329.97,"1,736.22"
15/05/2024,-5007.92,98.18,154.87,156.43,156.57,154.69,-0.99%,11.12,-2389.92,316.79,846.87
16/05/2024,6832.37,110.19,155.38,154.88,155.54,153.59,0.33%,1.32,7.19,53.64,-85.97
17/05/2024,-2177.41,84.91,155.65,155.39,156.01,155.25,0.17%,0.4,-28.76,44.11,"-1,944.72"
20/05/2024,2728.88,124.23,156.24,155.61,156.32,155.49,0.38%,8.06,427.7,18.08,12.15
21/05/2024,4208.78,74.81,156.15,156.26,156.56,155.84,-0.06%,0.76,45.32,4.24,-74.39
22/05/2024,-5271.12,124.14,156.77,156.17,156.85,156.11,0.40%,0.43,5.28,6.11,-8.73
23/05/2024,-655.87,116.03,156.93,156.79,157.2,156.53,0.10%,3.59,-285.65,78.48,748.37
24/05/2024,3196.08,100.43,156.99,156.94,157.16,156.82,0.04%,0.7,-14.54,162.12,-101.63
27/05/2024,-410.85,72.09,156.86,157.04,157.04,156.66,-0.08%,0.97,1.25,15.86,-261.96
28/05/2024,3363.24,88.98,157.16,156.85,157.2,156.58,0.19%,0.95,-67.43,47.57,"-1,028.72"
29/05/2024,892.74,130.52,157.6,157.14,157.79,156.92,0.28%,0.85,91.4,50.26,"-1,955.83"
30/05/2024,2174.35,110.8,156.81,157.64,157.68,156.38,-0.50%,5.71,695.86,81.6,823.08
31/05/2024,4814.95,91.35,157.31,156.82,157.39,156.56,0.32%,1.46,-285.67,16.73,29.39
3/6/2024,-18.86,65.75,156.1,157.32,157.49,155.95,-0.77%,0.57,-20.87,20.12,804.58
4/6/2024,-3041.49,78.87,154.87,156.12,156.5,154.55,-0.79%,1.27,-41.12,94.1,"2,254.45"
5/6/2024,-246.76,78.98,156.1,154.86,156.5,154.79,0.79%,1.4,-61.33,51.61,"-2,186.12"
6/6/2024,7714.4,67.84,155.6,156.1,156.45,155.36,-0.32%,1.09,-16.86,25.14,-390.5
7/6/2024,-1173.85,109.01,156.7,155.62,157.09,155.12,0.71%,3.95,-141.32,110.44,-35.36
10/6/2024,4359.67,61.63,157.02,156.74,157.2,156.7,0.20%,0.48,-8.96,3.76,44.51
11/6/2024,671.47,86.57,157.07,157.05,157.47,156.8,0.03%,0.93,-39.13,95.95,-54.15
12/6/2024,6280.14,112.47,156.71,157.07,157.45,155.72,-0.23%,4.12,-3162.44,47.31,2.7
13/06/2024,-3673.41,58.75,157.02,156.72,157.36,156.58,0.20%,3.91,-215.61,55.58,"1,144.23"
14/06/2024,1188.46,47.34,157.37,157.04,158.28,156.88,0.22%,3.78,-109.78,17.11,781.52
17/06/2024,-222.86,41.1,157.71,157.38,157.97,157.15,0.22%,1.6,-44.06,22.71,46.42
18/06/2024,-4165.27,69.66,157.85,157.74,158.25,157.51,0.09%,0.73,25.45,143.22,"1,362.24"
19/06/2024,5175,32.86,158.08,157.85,158.12,157.6,0.15%,0.24,-2.28,65.62,"-1,449.34"
20/06/2024,11169.8,70.03,158.9,158.1,158.95,157.92,0.52%,0.7,-89.85,34.8,"-1,578.75"
21/06/2024,-897.22,67.04,159.79,158.94,159.86,158.67,0.56%,1.48,-266.05,172.24,-764.16
24/06/2024,2006.1,42.46,159.59,159.84,159.93,158.82,-0.13%,3.91,79.97,25.34,11.33
25/06/2024,-4458.94,47.2,159.69,159.58,159.81,159.19,0.06%,10.01,437.41,24.51,5.8
26/06/2024,-334.44,60.96,160.79,159.71,160.88,159.61,0.69%,6.45,-1035.99,37.68,"-7,678.11"
27/06/2024,1632.84,32.29,160.74,160.82,160.86,160.28,-0.03%,7.88,3.71,79.65,"-3,160.94"
28/06/2024,-171.91,45.53,160.83,160.76,161.28,160.26,0.06%,17.46,-781.96,38.72,-719.06
1/7/2024,2241.31,58.73,161.45,160.89,161.76,160.66,0.39%,24.89,728.52,13.68,"-3,516.18"
2/7/2024,739.54,43.49,161.44,161.51,161.78,161.27,-0.01%,6.82,666.31,121.92,613.34
3/7/2024,-197.32,38.93,161.68,161.46,162.01,160.77,0.15%,15,95.17,92.77,88.82
4/7/2024,485.03,43.25,161.25,161.7,161.7,160.95,-0.27%,3.38,164.31,178.13,"1,963.94"
5/7/2024,-317.81,54.27,160.72,161.26,161.4,160.34,-0.33%,1.71,115.19,248.06,"2,796.74"
8/7/2024,2444.81,56.53,160.81,160.7,161.13,160.26,0.06%,0.87,11.23,70.94,521.24
9/7/2024,7985.88,69.27,161.31,160.79,161.52,160.73,0.31%,2.12,-135.73,10.28,969.49
10/7/2024,-3929.93,29.76,161.67,161.35,161.85,161.26,0.22%,0.59,-28.32,5.23,-368.98
11/7/2024,1726.55,43.76,158.8,161.64,161.77,157.43,-1.78%,12.85,-3448.69,31.73,-993.79
12/7/2024,-1667.04,27.2,157.89,158.82,159.45,157.38,-0.57%,5.4,3065.29,101.71,"-2,471.20"
15/07/2024,-991.15,37.77,158.01,157.88,158.43,157.17,0.08%,0.69,-0.5,37.67,464.55
16/07/2024,-3273.14,41.22,158.34,158.07,158.87,158,0.21%,1.1,58.99,26.91,467.74
17/07/2024,2270.92,35.36,156.16,158.36,158.63,156.06,-1.38%,1.06,51.67,31.66,"-2,481.51"
18/07/2024,4881.44,39.21,157.37,156.15,157.41,155.37,0.77%,1.64,158.06,36.72,-253.66
19/07/2024,-4959.98,36.58,157.49,157.38,157.88,156.96,0.08%,0.52,-6,30.36,-450.82
22/07/2024,-3942.49,34.3,157,157.45,157.63,156.28,-0.31%,1.58,-171.47,29.77,"-1,172.59"
23/07/2024,-553.46,28.21,155.58,157.03,157.11,155.56,-0.90%,1.27,20.58,6.94,14.68
24/07/2024,-4186.09,27.52,153.87,155.56,156,153.11,-1.10%,5.22,-469.53,17.31,-868.58
25/07/2024,-2840.64,43.54,153.93,153.9,154.33,151.94,0.04%,6.16,-542,16.93,"3,761.23"
26/07/2024,-1804.29,24.25,153.72,153.95,154.75,153.13,-0.14%,1.09,-1.85,27.01,"3,444.72"
29/07/2024,184.2,23.8,154.01,153.81,154.36,153.01,0.19%,1.46,-32.88,33.16,-582.48
30/07/2024,-409.61,28.63,152.76,154.02,155.23,152.65,-0.81%,2.28,-65.11,54.15,"4,848.46"
31/07/2024,-129.53,35.84,149.98,152.81,153.75,149.61,-1.82%,2.54,-182.18,39.11,"3,004.25"
1/8/2024,-2864.15,63.84,149.36,149.99,150.89,148.5,-0.41%,6.95,-13.26,28.43,"2,692.89"
2/8/2024,-6546.43,42.51,146.54,149.38,149.78,146.42,-1.89%,75.21,22998.16,17.29,"-1,441.09"
5/8/2024,-17907.37,82.89,144.17,146.51,146.57,141.68,-1.62%,22.06,4104.14,59.5,"-174,550.61"
6/8/2024,-6077.01,39.91,144.3,144.17,146.38,143.62,0.09%,18.57,2964.68,36.65,-622.42
7/8/2024,3808.25,181.65,146.69,144.35,147.9,144.31,1.66%,27.52,5332.07,19.26,"2,025.00"
8/8/2024,-271.62,28.56,147.28,146.67,147.55,145.43,0.40%,3.46,-161.13,9.92,627.09
9/8/2024,-4575.02,46.16,146.61,147.29,147.82,146.27,-0.45%,1.3,-43.38,4.13,-334.89
12/8/2024,883.88,27.41,147.19,146.74,148.24,146.7,0.40%,3.11,-68.77,12.46,-151.99
13/08/2024,4141.01,37.81,146.82,147.2,147.96,146.6,-0.25%,0.99,-24.74,2.67,183.54
14/08/2024,18155.33,54.23,147.31,146.84,147.59,146.07,0.33%,1.68,-165.85,14.01,-313.15
15/08/2024,6295.89,53.12,149.27,147.33,149.4,147.05,1.33%,2.01,19.53,7.28,-103.8
16/08/2024,-5545.44,32.07,147.58,149.29,149.36,147.57,-1.13%,1.33,-40.56,5.33,-287.42
19/08/2024,1336.39,22.52,146.57,147.66,148.06,145.19,-0.68%,1.82,256.43,14.78,915.26
20/08/2024,-3057.77,48.33,145.25,146.6,147.36,145.2,-0.90%,0.69,-20.2,148.9,531.51
21/08/2024,-1593.92,25.65,145.26,145.26,146.61,144.45,0.01%,2.37,-84.33,15.01,98.24
22/08/2024,2087.1,45.13,146.26,145.25,146.55,144.85,0.69%,2.88,-510.1,7.43,31.88
23/08/2024,-3264.1,15.96,144.37,146.29,146.5,144.05,-1.29%,1.1,-151.74,5.25,390.19
26/08/2024,1466.48,13.71,144.52,144.24,144.66,143.45,0.10%,0.51,-14.43,6.81,436.78
27/08/2024,-5906.69,25.48,143.95,144.53,145.19,143.92,-0.39%,0.73,31.64,5.39,40
28/08/2024,-4331.98,32.05,144.57,143.98,145.06,143.68,0.43%,0.69,19.19,4.87,14.22
29/08/2024,-6177.16,34.09,144.98,144.61,145.57,144.22,0.28%,1.04,-62.59,7.41,124.56
30/08/2024,-4649.23,28.31,146.16,144.98,146.26,144.66,0.81%,0.69,31.85,15.51,166.39
2/9/2024,-3237.25,16.18,146.9,146.19,147.19,145.78,0.51%,0.74,-5.66,4.33,441.86
3/9/2024,-4914.89,41.73,145.47,146.9,147.21,145.16,-0.97%,3.48,98.38,17.99,-342.27
4/9/2024,-4115.5,32.07,143.73,145.48,145.57,143.71,-1.20%,16.93,2104.73,14.27,-362.41
5/9/2024,752.1,25.43,143.44,143.74,144.25,142.85,-0.20%,1.48,-138.29,21.99,-941.02
6/9/2024,894.23,26.96,142.27,143.45,143.92,141.78,-0.82%,5,155.97,34.22,722.42
9/9/2024,-1308.48,23.4,143.17,142.23,143.81,141.95,0.63%,3.26,-89.37,11.3,343.27
10/9/2024,-5541.01,26.46,142.43,143.15,143.73,142.2,-0.52%,9.85,-749.79,18.94,-72.85
11/9/2024,-4153.62,44.86,142.35,142.47,142.55,140.71,-0.06%,17.4,-29.76,12.99,937.59
12/9/2024,-8201.33,31.56,141.79,142.36,143.06,141.72,-0.39%,8.44,-59.47,22.78,-982.54
13/09/2024,-2351.56,37.38,140.82,141.82,141.88,140.28,-0.68%,4.03,66.23,6.95,399.42
16/09/2024,-5214.71,30.16,140.6,140.75,140.92,139.57,-0.16%,6.13,-27.06,24.42,"-39,325.24"
17/09/2024,-3136.29,33.04,142.4,140.62,142.48,140.32,1.28%,13.4,-200.25,10.74,548.38
18/09/2024,-3391.06,37.43,142.27,142.42,142.73,140.44,-0.09%,23.23,417.27,11.73,287.56
19/09/2024,1694.29,33.59,142.62,142.29,143.95,141.89,0.25%,2.69,-52.11,25.85,-55.59
20/09/2024,193.49,27.6,143.91,142.63,144.51,141.74,0.90%,1.8,-54.37,23.86,-160.78
23/09/2024,307.84,22.33,143.6,143.94,144.46,143.17,-0.22%,1.73,-88.67,8.3,150.18
24/09/2024,-2869.55,46.74,143.21,143.62,144.7,143.12,-0.27%,1.39,-82.07,6.73,"-3,733.70"
25/09/2024,-1696.78,81.53,144.75,143.23,144.85,142.9,1.08%,1.4,-12.16,25.66,-697.35
26/09/2024,39213.15,152.08,144.8,144.76,145.23,144.11,0.03%,1.08,2.9,11.11,-67.8
27/09/2024,18273.04,93.71,142.19,144.82,146.5,142.07,-1.80%,26.05,1312.94,14.46,-310.57
30/09/2024,-12324.27,49.02,143.62,142.24,143.94,141.64,1.01%,51.8,1916.43,10.62,318.3
1/10/2024,1265.94,39.62,143.56,143.63,144.55,142.97,-0.04%,2.17,-51.65,13.64,-116.46
2/10/2024,-9082.98,30.43,146.46,143.57,146.52,143.43,2.02%,3.45,35.48,9.36,"-1,877.30"
3/10/2024,-3858.51,31.76,146.92,146.47,147.25,146.29,0.31%,6.99,-1066.9,14.61,-316.65
4/10/2024,-5131.57,25.91,148.71,146.94,149.01,145.92,1.22%,31.65,16596.94,8.57,279.56
7/10/2024,-8484.99,27.89,148.18,148.73,149.14,147.85,-0.36%,0.83,9.44,8.38,-48.35
8/10/2024,-11147.85,37.43,148.19,148.19,148.39,147.34,0.01%,0.63,7.18,10.08,-254
9/10/2024,-2504.52,18.47,149.29,148.2,149.38,148.01,0.74%,0.9,-38.41,5.38,-385.3
10/10/2024,-3160.17,26.77,148.56,149.31,149.56,148.35,-0.49%,6.84,-3450.88,9.63,-132.2
11/10/2024,-11200.23,34.13,149.13,148.57,149.29,148.4,0.38%,1.59,-13.77,5,508.44
14/10/2024,-4121.73,30.3,149.75,149.14,150.01,149.07,0.42%,1.47,6.46,9.78,-837.23
15/10/2024,-7793.1,50.09,149.19,149.76,149.84,148.85,-0.37%,1.09,-72.69,8.5,"-1,004.93"
16/10/2024,-2216.87,42.96,149.62,149.2,149.84,148.87,0.29%,1.78,65.92,9,-59.71
17/10/2024,438.65,62.15,150.2,149.64,150.34,149.23,0.39%,2.73,110.81,12.46,"-1,648.89"
18/10/2024,-1380.93,47.05,149.52,150.21,150.29,149.36,-0.45%,6.05,36.23,9.73,972.39
21/10/2024,-2355.93,31.67,150.83,149.48,150.89,149.08,0.88%,2.14,7.12,7.92,234.92
22/10/2024,-607.59,40.29,151.06,150.84,151.21,150.5,0.15%,0.69,-7.34,5.46,"-2,900.64"
23/10/2024,286.54,31.97,152.75,151.07,153.2,151.02,1.12%,2.17,48.91,19.48,"-9,453.21"
24/10/2024,-991.5,40.93,151.82,152.73,152.83,151.55,-0.61%,9.03,130.89,7.56,-554.61
25/10/2024,-4004.55,37.67,152.3,151.83,152.39,151.45,0.32%,2.89,-489.94,10.66,-917.51
28/10/2024,-1807.8,32.62,153.28,152.36,153.88,152.32,0.64%,1.97,-90.51,7.97,"1,675.99"
29/10/2024,1851.84,40.27,153.35,153.29,153.88,152.75,0.05%,2.97,-4.42,5.73,-151.18
30/10/2024,1821.66,38.26,153.41,153.36,153.51,152.79,0.04%,20.32,-1235.1,11.21,"-6,311.14"
31/10/2024,1999.78,41.52,152.03,153.42,153.58,151.84,-0.90%,1.45,-32.37,9.63,"-2,766.81"
1/11/2024,2186.93,15.74,152.98,152.04,153.11,151.78,0.62%,0.74,18.23,14.66,140.76
4/11/2024,4471.91,28.42,152.13,152.98,153.05,151.53,-0.56%,0.86,27.13,6.41,198.79
5/11/2024,2107.03,17.29,151.6,152.13,152.57,151.33,-0.35%,0.87,19.93,13.84,274.89
6/11/2024,-612.77,34.9,154.63,151.62,154.73,151.29,2.00%,2.54,-202.66,64.97,"4,891.96"
7/11/2024,-2521.69,22.2,152.93,154.64,154.72,152.7,-1.10%,1.2,48.01,11.15,738.06
8/11/2024,-3119.14,37.85,152.63,152.94,153.37,152.14,-0.20%,1.15,-38.94,7.69,403.69
11/11/2024,-3291.96,29.48,153.71,152.68,153.96,152.64,0.71%,2.32,-423.46,6.29,312.79
12/11/2024,-649.52,31.08,154.6,153.71,154.94,153.41,0.58%,1.97,32.95,5.87,-39.15
13/11/2024,3729.09,29.7,155.45,154.62,155.64,154.34,0.55%,1.71,25.44,11.2,"-2,332.06"
14/11/2024,-1000.27,27.45,156.25,155.46,156.44,155.33,0.51%,1.05,0.2,10.21,"-1,219.03"
15/11/2024,-797.35,17.79,154.34,156.28,156.76,153.86,-1.22%,1.9,-75.21,15.22,"1,056.28"
18/11/2024,3307.8,37.4,154.65,154.42,155.37,153.85,0.20%,2.51,-74.61,25.23,411.1
19/11/2024,-2052.72,35.21,154.65,154.7,154.81,153.29,0.00%,1.92,-16.68,12.25,363.43
20/11/2024,-905.71,35.05,155.43,154.67,155.9,154.52,0.50%,0.8,-39.56,31.36,"1,701.69"
21/11/2024,663.93,43.62,154.51,155.43,155.43,153.91,-0.59%,0.76,-25.72,17.09,536.73
22/11/2024,-2631.35,26.73,154.74,154.54,155.02,153.97,0.15%,1.05,-82.28,13.99,-393.82
25/11/2024,-8371.54,30.74,154.21,154.26,154.75,153.55,-0.34%,1.15,-259.26,5.46,-615.64
26/11/2024,-1397.32,30.55,153.1,154.2,154.5,152.99,-0.72%,5.51,-320.65,2.98,26.16
27/11/2024,18484.13,91.57,151.1,153.07,153.25,150.45,-1.31%,0.87,-75.68,12.11,"1,394.22"
28/11/2024,11207.09,65.18,151.54,151.07,152.01,150.92,0.29%,0.27,-0.04,11.17,-476.49
29/11/2024,14031.99,60.47,149.75,151.55,151.57,149.47,-1.18%,0.82,6.62,34.23,-640.37
2/12/2024,5556.53,40.59,149.59,149.75,150.76,149.07,-0.11%,1.96,239.52,27.76,759.27
3/12/2024,-148.38,17.72,149.59,149.61,150.25,148.64,0.00%,2.82,0.04,29.2,-404.63
4/12/2024,-1245.28,27.41,150.6,149.6,151.24,149.52,0.68%,1.89,-54.78,14.62,-101.47
5/12/2024,1801.13,19.94,150.08,150.61,150.79,149.65,-0.35%,0.86,-42.86,13.78,-377
6/12/2024,5509.3,21.61,150.03,150.11,150.71,149.36,-0.03%,1.92,-3.06,8.14,868.02
9/12/2024,16310.78,93.45,151.19,150.07,151.36,149.69,0.77%,3.04,5.25,2.89,118.17
10/12/2024,-2045.07,63.24,151.95,151.17,152.19,150.89,0.50%,2.4,6.23,5.95,-156.72
11/12/2024,-610.92,16.04,152.45,151.97,152.82,151.01,0.33%,8.05,397.68,8.2,-120.49
12/12/2024,4459.36,22.62,152.62,152.45,152.8,151.8,0.11%,2.61,-80.81,1.36,-58.95
13/12/2024,728.92,16.91,153.64,152.63,153.81,152.45,0.67%,1.19,9.71,3.78,"-2,781.14"
16/12/2024,-7717.54,22.59,154.15,153.64,154.49,153.32,0.33%,1.55,58.13,2.63,634.42
17/12/2024,-8188.1,29.61,153.48,154.12,154.36,153.15,-0.43%,3.37,-15.7,3.06,-83.91
18/12/2024,-5986.5,30.7,154.8,153.45,154.87,153.32,0.86%,3.67,-60.5,20.66,-666.78
19/12/2024,-2947.33,49.46,157.43,154.82,157.82,154.43,1.70%,1.25,-166.84,111.01,"-5,320.21"
20/12/2024,2831.47,33.37,156.41,157.45,157.94,155.95,-0.65%,1.12,99.14,37.88,"2,216.01"
23/12/2024,-695.54,29.14,157.16,156.48,157.32,156.33,0.48%,0.74,12.1,30.57,-556.58
24/12/2024,-2293.44,9.27,157.18,157.14,157.44,156.89,0.01%,0.34,64.43,4.35,-506.48
26/12/2024,-3459.7,14.23,158,157.22,158.11,157.07,0.38%,0.39,2.25,3.78,58.5
27/12/2024,-1024.74,12.84,157.82,157.89,158.01,157.35,-0.11%,1.35,-69.88,6.64,301.82
30/12/2024,239.57,10.46,156.83,157.74,158.08,156.67,-0.63%,0.47,-10.33,13.87,559.98
31/12/2024,-1192.88,6.91,157.18,156.85,157.61,156.01,0.22%,0.9,-5.18,12.29,"1,051.65"
2/1/2025,-1255.39,12.16,157.52,157.26,157.87,156.44,0.41%,10.33,24.76,17.19,"-1,076.71"
3/1/2025,-3394.56,32.62,157.27,157.55,157.57,156.88,-0.16%,2.04,-23.76,1.9,-179.77
6/1/2025,-7532.85,41.22,157.6,157.24,157.98,156.24,0.21%,6.34,-11217.28,11.49,"-1,726.27"
7/1/2025,2042.14,19.47,158.02,157.63,158.43,157.36,0.27%,2.17,45.91,8.5,"-1,608.73"
8/1/2025,120.63,29.67,158.35,158.05,158.57,157.89,0.21%,2.73,-163.51,5.55,-150
9/1/2025,-2394.61,20.88,158.14,158.36,158.4,157.57,-0.13%,0.91,24.35,5.32,-144.61
10/1/2025,-3630.26,33.54,157.69,158.12,158.89,157.22,-0.28%,17.28,356.7,5.33,-586.83
13/01/2025,-3640.97,34.92,157.47,157.78,157.98,156.9,-0.14%,0.76,1.98,3.58,-13.29
14/01/2025,-3713.3,30.72,157.96,157.48,158.23,157.11,0.31%,2.16,9.42,5.68,-105.56
15/01/2025,-2312.57,41.41,156.47,157.98,158.1,155.95,-0.94%,3.15,167.68,11.17,-812.12
16/01/2025,-399.59,47.65,155.12,156.48,156.54,155.1,-0.86%,1.83,-116.84,4.95,-113.26
17/01/2025,-3837.81,34.71,156.3,155.17,156.39,154.98,0.76%,2.59,-87.88,1.48,-230.14
20/01/2025,-846.44,40.77,155.59,156.32,156.6,155.4,-0.45%,2.42,-148.66,3.86,104.22
21/01/2025,-9854.81,48.74,155.5,155.61,156.21,154.77,-0.06%,1.69,-36.98,1.51,-420.98
22/01/2025,-4433.1,39.65,156.53,155.51,156.72,155.35,0.66%,4.75,-129.57,2.96,-86.98
23/01/2025,1813.45,34.62,156.05,156.5,156.76,155.74,-0.31%,1.64,-5.13,0.87,-25.68
24/01/2025,-520.52,36.61,155.98,156.06,156.58,154.85,-0.04%,2.72,10.25,5.26,80.74
27/01/2025,297.44,31.06,154.49,155.72,156.26,153.72,-0.96%,2.58,-31.83,14.41,-874.56
28/01/2025,-1748.38,15.82,155.52,154.51,156,154.49,0.67%,0.61,1.11,6.73,"2,347.79"
29/01/2025,844.14,23.43,155.2,155.54,155.81,154.94,-0.21%,10.77,-251.39,23.92,-912.45
30/01/2025,-3198.04,15.73,154.3,155.23,155.25,153.79,-0.58%,0.26,-4.47,4.84,552.44
31/01/2025,975.33,18.31,155.18,154.3,155.24,153.92,0.57%,3.24,-163.75,6.76,658.38
3/2/2025,-1493.8,38.73,154.75,154.94,155.89,154.01,-0.28%,0.64,-10.11,2.66,-188.57
4/2/2025,-1550.69,26.8,154.33,154.76,155.53,154.17,-0.27%,3.06,-331.66,11.32,"1,351.68"
5/2/2025,750.51,12.99,152.6,154.34,154.47,152.11,-1.12%,12.28,540.93,13.61,"3,556.29"
6/2/2025,-2861.07,27.41,151.44,152.61,152.9,151.24,-0.76%,5.29,-490.93,24.2,32.13
7/2/2025,965.3,35.67,151.4,151.41,152.42,150.94,-0.03%,1.74,-1.26,25.81,"2,129.80"
10/2/2025,-7843.62,33.48,151.99,151.26,152.55,151.25,0.39%,1.87,-118.57,10.54,"1,683.03"
11/2/2025,1532.58,18.85,152.48,152,152.63,151.64,0.32%,5.25,-338.25,24,"-2,234.00"
12/2/2025,-10070.09,42.55,154.41,152.49,154.81,152.38,1.27%,28.63,2883.8,11.23,"9,463.29"
13/02/2025,-5001.56,41.4,152.79,154.42,154.68,152.7,-1.05%,4.43,-370.57,7.2,114.7
14/02/2025,424.48,16.55,152.33,152.8,153.16,152.02,-0.30%,2.4,254.48,40.05,"12,064.94"
17/02/2025,-1509.8,16.28,151.5,152.24,152.41,151.33,-0.54%,3.87,-152.47,1.56,135.26
18/02/2025,-3386.34,20.88,152.05,151.5,152.25,151.23,0.36%,1.99,-289.92,20.11,"1,503.05"
19/02/2025,-3629.4,22.76,151.47,152.07,152.32,151.24,-0.38%,3.54,-99.93,43.12,"-3,387.81"
20/02/2025,-3101.79,25.21,149.63,151.48,151.48,149.39,-1.21%,0.81,-141.28,13.76,"-2,973.60"
21/02/2025,-3571.9,23.94,149.29,149.64,150.75,148.92,-0.23%,3.19,1391.57,118.91,"2,618.75"
24/02/2025,-3039.98,23.63,149.71,149.39,149.89,148.85,0.28%,3.35,-159.17,60.68,"-3,172.06"
25/02/2025,-1370.01,35.46,149.02,149.72,150.31,148.57,-0.46%,11.97,2121.73,106.16,"-5,808.45"
26/02/2025,-1070.16,34.89,149.08,149.04,149.9,148.64,0.04%,3.12,607.36,67.01,"-8,245.94"
27/02/2025,2600.77,42.06,149.8,149.1,150.2,148.74,0.48%,9.36,1685.75,76.39,476.15
28/02/2025,660.38,28.7,150.6,149.81,151,149.1,0.53%,1.25,64.5,43.1,"-6,354.83"
3/3/2025,-3504.11,25.19,149.5,150.49,151.34,149.1,-0.73%,0.31,5.04,41.91,"-4,441.75"
4/3/2025,-507.78,32.94,149.8,149.51,149.89,148.08,0.20%,1.47,341.69,64.78,"-3,067.05"
5/3/2025,-7210.17,42.09,148.88,149.81,150.2,148.39,-0.61%,0.88,-6.67,37.28,"-3,875.27"
6/3/2025,5497.1,54.05,147.95,148.89,149.35,147.31,-0.62%,0.72,108.15,37.15,"13,380.33"
7/3/2025,-13097.3,53,148.03,147.99,148.22,146.95,0.05%,0.43,0.92,3.41,753.39
10/3/2025,-2422.28,28.84,147.26,147.89,147.99,146.63,-0.52%,0.23,-41.43,39.76,"-9,492.98"
11/3/2025,-5636.5,34.11,147.77,147.27,148.14,146.54,0.35%,0.81,-26.72,2.58,-373.25
12/3/2025,4425.32,29.82,148.25,147.79,149.2,147.72,0.32%,0.51,-95.61,2.62,-320.65
13/03/2025,427.28,40.66,147.81,148.26,148.39,147.4,-0.30%,1.88,775.85,1.93,3.31
14/03/2025,199.57,33.64,148.62,147.82,149.04,147.76,0.55%,0.26,-1.34,12.95,-982.23
17/03/2025,1373.81,17.52,149.21,148.32,149.31,148.39,0.40%,0.47,31.55,17.41,69.83
18/03/2025,-2665.39,25.71,149.26,149.23,149.95,149.08,0.03%,0.07,8.3,26.15,"1,958.38"
19/03/2025,1783.84,33.8,148.68,149.27,150.16,148.61,-0.39%,0.62,-19.24,7.22,-155.64
20/03/2025,1227.49,45.39,148.78,148.73,148.99,148.18,0.07%,1.37,162,15.24,"1,170.97"
21/03/2025,227.5,24.47,149.31,148.76,149.68,148.58,0.36%,0.24,41.5,26.02,-125.99
24/03/2025,12372.62,29.65,150.69,149.37,150.78,149.36,0.92%,0.3,16.76,5.62,"-1,731.63"
25/03/2025,1537.1,23.87,149.9,150.7,150.95,149.55,-0.52%,0.16,23.35,49.12,-255.96
26/03/2025,596.44,17.34,150.58,149.91,150.78,149.83,0.45%,1.68,35.11,52.9,"1,387.32"
27/03/2025,-15261.65,32.39,151.05,150.61,151.18,150.06,0.31%,0.87,-47.15,5.21,-216.78
28/03/2025,-1324.54,30.82,149.81,151.05,151.22,149.68,-0.82%,4.49,37.84,116.27,"28,766.26"
31/03/2025,646.07,36.04,149.95,149.8,150.28,148.7,0.09%,2.89,-349.6,3.49,420.46
1/4/2025,-1114.89,31.84,149.61,149.96,150.15,148.96,-0.23%,7.23,-585.65,2.15,1.54
2/4/2025,3548.81,45.01,149.24,149.58,150.49,149.1,-0.25%,0.91,-17.97,6.17,166.4
3/4/2025,-326.93,74.09,146.06,149.26,149.28,145.19,-2.13%,1.02,324.08,61.31,"-17,183.06"
4/4/2025,-11709.81,81.66,146.9,146.07,147.44,144.55,0.58%,2,-211.84,220.28,"-27,250.68"
7/4/2025,2919.45,63.84,147.84,147.06,148.15,144.82,0.64%,2.05,5.95,50.53,201.58
8/4/2025,191.68,43.5,146.28,147.83,148.13,145.96,-1.06%,1.54,136.45,11.39,-84.98
9/4/2025,1132.84,52,147.72,146.27,148.29,144,0.98%,2.65,226.18,8.34,"2,822.61"
10/4/2025,-10173.56,57.11,144.45,147.55,147.72,144.01,-2.21%,5.41,407.39,4.63,994.31
11/4/2025,-7405.01,41.6,143.51,144.45,144.63,142.07,-0.65%,4.5,-564.53,28.96,-10.82
14/04/2025,1262.82,64.98,142.98,144.12,144.32,142.24,-0.37%,0.49,-4.47,35.98,"-2,772.74"
15/04/2025,1196.92,16.45,143.23,143,143.61,142.6,0.17%,0.2,-19.8,7.32,-324.75
16/04/2025,-2579.79,37.95,141.82,143.26,143.32,141.64,-0.98%,0.74,-142.03,10.71,-488.46
17/04/2025,1447.89,21.32,142.41,141.92,143.1,141.61,0.42%,0.26,-1.26,7.44,-497.3
18/04/2025,-4267.99,18.03,142.17,142.45,142.51,142.12,-0.17%,2.25,6.49,44.27,-69.84
21/04/2025,4294.95,30.23,140.85,142.14,142.19,140.47,-0.93%,0.68,-9.77,5.42,233.41
22/04/2025,-5106.33,285.77,141.59,140.87,141.68,139.88,0.53%,1,-396.82,5.59,-292.41
23/04/2025,-2204.84,70.28,143.45,141.55,143.58,141.48,1.31%,2.42,90.72,2.43,-189.33
24/04/2025,-2923.6,34.84,142.63,143.43,143.44,142.28,-0.57%,2.43,78.22,1.59,11.59
25/04/2025,7906.02,115.46,143.7,142.68,144.05,142.55,0.75%,0.68,-60.05,3.13,411.85
28/04/2025,-4463.13,21.97,142.01,143.74,143.94,141.99,-1.18%,0.61,-50.98,15.03,-894.97
29/04/2025,1048.41,14.42,142.36,142.01,142.77,141.97,0.25%,3.24,26.19,10.09,73.41
30/04/2025,-632.55,11.98,143.07,142.36,143.2,142.14,0.50%,0.39,-6.18,4.9,200.08
1/5/2025,447.03,20.46,145.44,143.07,145.75,142.88,1.66%,2.21,236.83,9.05,-435.17
2/5/2025,-895.24,17.26,144.95,145.44,145.93,143.73,-0.34%,1.03,150.63,4.55,-152.12
5/5/2025,423.03,17.94,143.71,144.95,145.09,143.54,-0.86%,16.05,-173.62,5.91,-403.27
6/5/2025,5101.78,17.17,142.43,143.71,144.28,142.35,-0.89%,1.3,150.54,3.53,-103.03
7/5/2025,-791.13,11.62,143.82,142.43,144,142.4,0.98%,1.35,-119.35,1.39,-174.05
8/5/2025,1582.65,26.26,145.92,143.82,146.19,143.45,1.46%,2.06,-168.8,1.34,229.6
9/5/2025,-1571.11,15.64,145.36,145.92,146.19,144.82,-0.38%,1.52,-123.62,4.2,-225.93
12/5/2025,-519.96,19.86,148.46,145.82,148.66,145.7,2.13%,1.59,-95.31,6.26,-29.49
13/05/2025,-47.9,17.72,147.48,148.46,148.5,147.37,-0.66%,1.86,217.14,1.67,351.99
14/05/2025,3389,19.23,146.76,147.49,147.68,145.6,-0.49%,1.69,188.94,6.68,-704.92
15/05/2025,4280.58,15.15,145.67,146.74,146.76,145.42,-0.74%,1.93,-65.86,6.38,-587.66
16/05/2025,-1296.07,9.97,145.63,145.67,146.11,144.92,-0.03%,0.97,3.12,2.78,6.07
19/05/2025,132.69,14.79,144.86,145.38,145.5,144.65,-0.53%,0.77,-67.44,2.43,31.96
20/05/2025,2636.97,19.85,144.51,144.86,145.51,144.08,-0.24%,0.6,7.38,6.36,-16.67
21/05/2025,2572.84,17.67,143.68,144.54,144.6,143.28,-0.57%,11.25,-234.49,11.46,-414.64
22/05/2025,1677.75,20.7,144.01,143.68,144.41,142.8,0.23%,18.16,69.88,5.48,-346.82
23/05/2025,1567.05,11.35,142.57,144.01,144.14,142.42,-1.00%,8.53,-143.46,5.29,"1,295.48"
26/05/2025,-3470.07,13.64,142.85,142.45,143.09,142.22,0.20%,3.58,36.8,1.05,80.99
27/05/2025,-1782.94,15.2,144.33,142.85,144.46,142.11,1.04%,30.47,1511.44,6.03,"-1,088.67"
28/05/2025,-946.87,15.84,144.83,144.32,145.09,143.85,0.35%,1.92,-31.66,12.97,415.71
29/05/2025,-283.74,27.31,144.2,144.84,146.29,143.95,-0.43%,6.18,-538.07,8.5,"-1,319.59"
30/05/2025,5263.39,36.64,144.06,144.23,144.45,143.43,-0.10%,0.62,-42.73,5.1,-662.72
2/6/2025,6985.94,24.84,142.72,144.06,144.14,142.54,-0.93%,0.97,24.02,6.23,658.9
3/6/2025,-7322,9.55,144.01,142.72,144.12,142.38,0.90%,4.79,308.74,13.02,32.06
4/6/2025,-0.33,28.19,142.76,143.98,144.4,142.6,-0.87%,22.52,614.53,2.1,-91.59
5/6/2025,1212.95,20.65,143.55,142.76,143.99,142.53,0.55%,130.64,-2026.76,6.72,303.17
6/6/2025,-636.36,11.08,144.87,143.51,145.1,143.38,0.92%,1.44,1005.04,6.12,22.93
9/6/2025,-1358.31,13.34,144.61,144.9,144.98,143.97,-0.18%,5.5,226.51,4.19,84.06
10/6/2025,-2841.45,26.18,144.86,144.56,145.31,144.39,0.17%,2.08,-13.97,8.77,710.34
11/6/2025,1874.01,22.58,144.55,144.86,145.48,144.32,-0.21%,1.24,-33.35,3.48,-128.99
12/6/2025,-203.71,15.5,143.5,144.55,144.58,143.18,-0.73%,1.54,19.69,4.1,-53.58
13/06/2025,971.48,18.26,144.1,143.48,144.5,142.8,0.42%,13.75,-432.29,11.36,-824.01
16/06/2025,1074.52,18.96,144.74,143.97,144.89,143.64,0.44%,8.55,-235.47,9.16,-316.76
17/06/2025,-1096.61,22.04,145.28,144.74,145.39,144.39,0.37%,2.94,-423.49,4.7,"-1,258.19"
18/06/2025,-1128.8,13.81,145.12,145.29,145.45,144.33,-0.11%,1.68,93.37,4.85,291.71
19/06/2025,1073.65,18.13,145.46,145.14,145.78,144.74,0.23%,5.52,-208.49,9.77,886.05
20/06/2025,881.77,20.04,146.1,145.46,146.23,145.12,0.44%,0.4,-6.59,16.4,-247.81
23/06/2025,-243.18,18.26,146.16,145.99,148.04,145.9,0.04%,8.06,-2268.1,2.85,-276.11
24/06/2025,1026.85,12.45,144.93,146.18,146.23,144.51,-0.84%,0.72,14.95,16.53,-89.02
25/06/2025,-954.25,14.46,145.26,144.95,145.96,144.6,0.23%,3.07,-22.69,13.01,-427.08
26/06/2025,459.22,11.52,144.39,145.23,145.28,143.75,-0.60%,2.86,1331.99,8.38,94.54
27/06/2025,1480.56,13.34,144.67,144.42,144.96,144.18,0.19%,46.82,-1340.46,5.07,-394.78
30/06/2025,-1609.89,8.47,144.04,144.47,144.77,143.77,-0.44%,0.75,-35.98,5.42,-158.82
