Date,DE40Cash_profit,DE40Cash_lot,Date,Price,Open,High,Low,Vol.,Change %,DE40Cash_China_profit,DE40Cash_China_lot,DE40Cash_World_profit,DE40Cash_World_lot
02/01/2024,3085.27,60.09,1/2/2024,16769.36,16828.75,16963.47,16648.80,59.89M,0.11%,-1416.60,13.19,59.99,0.51
03/01/2024,-4178.15,72.05,1/3/2024,16538.39,16771.35,16784.07,16479.92,70.85M,-1.38%,-2119.69,11.38,132.69,1.19
04/01/2024,4498.71,88.05,1/4/2024,16617.29,16563.69,16626.84,16501.40,65.87M,0.48%,-31.36,8.49,287.53,0.40
05/01/2024,4124.26,103.68,1/5/2024,16594.21,16504.88,16645.89,16448.71,66.76M,-0.14%,278.48,5.41,-82.04,0.86
08/01/2024,-8140.55,76.16,1/8/2024,16716.47,16618.51,16716.47,16517.49,55.07M,0.74%,650.75,10.33,-394.87,0.68
09/01/2024,-25005.53,92.02,1/9/2024,16688.36,16743.27,16743.27,16611.53,59.80M,-0.17%,-1288.79,9.35,-5.56,0.67
10/01/2024,-3082.49,76.27,1/10/2024,16689.81,16703.12,16753.69,16654.99,61.30M,0.01%,23126.12,80.78,-59.40,5.55
11/01/2024,4128.18,104.48,1/11/2024,16547.03,16775.92,16839.49,16541.38,72.21M,-0.86%,-266.01,8.52,243.67,1.12
12/01/2024,-8331.80,60.65,1/12/2024,16704.56,16649.45,16752.24,16608.00,62.16M,0.95%,-227.09,7.90,60.75,0.87
15/01/2024,-2758.65,72.50,1/15/2024,16622.22,16723.24,16736.16,16609.22,47.80M,-0.49%,-1288.67,14.99,122.69,0.79
16/01/2024,232.95,83.82,1/16/2024,16571.68,16497.54,16581.93,16476.09,73.10M,-0.30%,-1147.79,16.58,144.74,0.86
17/01/2024,7636.61,123.54,1/17/2024,16431.69,16400.42,16435.68,16345.02,71.44M,-0.84%,-1866.60,11.16,145.83,0.83
18/01/2024,-3245.88,67.83,1/18/2024,16567.35,16440.66,16579.12,16421.20,72.32M,0.83%,19.17,9.82,71.70,0.43
19/01/2024,-1788.29,58.83,1/19/2024,16555.13,16626.53,16647.85,16513.46,66.15M,-0.07%,277.44,6.26,-1.69,0.33
22/01/2024,-14272.85,70.60,1/22/2024,16683.36,16684.10,16705.49,16607.72,67.44M,0.77%,1923.21,34.68,71.28,0.33
23/01/2024,1114.31,59.77,1/23/2024,16627.09,16753.09,16753.09,16626.59,64.37M,-0.34%,-213.20,8.02,22.46,0.53
24/01/2024,6615.71,66.23,1/24/2024,16889.92,16793.27,16921.41,16760.92,74.57M,1.58%,-390.30,8.40,-328.42,0.88
25/01/2024,4346.56,59.92,1/25/2024,16906.92,16849.76,16916.60,16785.69,62.02M,0.10%,546.40,5.45,-503.97,0.71
26/01/2024,3544.49,63.57,1/26/2024,16961.39,16879.01,16967.72,16849.31,84.66M,0.32%,206.71,3.45,-2914.63,0.96
29/01/2024,-10794.10,46.44,1/29/2024,16941.71,16925.39,16941.71,16860.05,65.96M,-0.12%,296.89,5.06,-731.49,0.70
30/01/2024,985.65,62.55,1/30/2024,16972.34,16991.37,16999.58,16946.56,61.11M,0.18%,205.38,6.82,175.28,0.26
31/01/2024,3693.71,90.80,1/31/2024,16903.76,16972.47,16991.84,16884.87,84.39M,-0.40%,108.03,1.36,-252.32,0.56
01/02/2024,-7893.61,93.53,2/1/2024,16859.04,16834.13,16915.92,16821.60,89.45M,-0.26%,484.71,5.77,-604.87,0.55
02/02/2024,-3074.83,72.25,2/2/2024,16918.21,16977.75,17004.55,16894.67,85.85M,0.35%,143.77,3.69,3.81,0.74
05/02/2024,4867.67,69.21,2/5/2024,16904.06,16925.97,16972.62,16859.00,69.94M,-0.08%,256.99,2.89,-516.38,0.35
06/02/2024,4935.51,79.00,2/6/2024,17033.24,16965.89,17049.52,16871.32,75.54M,0.76%,-3848.57,24.52,-1685.55,0.82
07/02/2024,-4765.10,73.41,2/7/2024,16921.96,17020.77,17021.55,16907.15,93.04M,-0.65%,1331.89,9.29,-649.24,0.59
08/02/2024,-2292.46,83.18,2/8/2024,16963.83,16936.14,17029.54,16889.13,67.42M,0.25%,-641.68,18.24,-387.15,0.45
09/02/2024,-607.42,37.68,2/9/2024,16926.50,16973.58,16993.12,16876.36,61.64M,-0.22%,348.53,6.41,10.50,0.31
12/02/2024,1589.81,56.13,2/12/2024,17037.35,16975.99,17042.74,16958.80,53.29M,0.65%,566.35,16.10,-2360.32,0.49
13/02/2024,-3106.30,55.59,2/13/2024,16880.83,16987.09,16991.61,16831.53,62.96M,-0.92%,601.36,18.77,-6508.18,1.18
14/02/2024,-4880.37,54.11,2/14/2024,16945.48,16872.89,16957.78,16857.34,53.72M,0.38%,-529.13,10.58,244.34,0.28
15/02/2024,-1673.27,36.43,2/15/2024,17046.69,17022.54,17089.12,17003.82,83.79M,0.60%,415.32,12.38,-10002.97,0.70
16/02/2024,5410.56,84.19,2/16/2024,17117.44,17117.37,17198.45,17060.38,76.38M,0.42%,-2384.68,40.19,-629.60,1.33
19/02/2024,-20688.42,63.36,2/19/2024,17092.26,17075.74,17098.61,17049.22,43.23M,-0.15%,1007.35,20.80,-1322.71,0.20
20/02/2024,-3276.40,101.69,2/20/2024,17068.43,17066.23,17084.87,17019.15,62.71M,-0.14%,329.60,63.16,-2.60,0.31
21/02/2024,-3439.85,92.03,2/21/2024,17118.12,17102.08,17157.95,17063.25,59.40M,0.29%,519.69,77.87,-4329.97,1.17
22/02/2024,-2830.73,141.39,2/22/2024,17370.45,17326.76,17429.66,17279.73,86.13M,1.47%,-11852.70,67.33,-10048.55,2.89
23/02/2024,-10370.94,125.77,2/23/2024,17419.33,17372.01,17443.74,17354.76,76.80M,0.28%,-321.22,12.07,1249.95,0.86
26/02/2024,7259.81,104.82,2/26/2024,17423.23,17396.74,17460.53,17396.40,53.16M,0.02%,185.22,3.79,1.83,0.18
27/02/2024,6512.91,109.24,2/27/2024,17556.49,17431.37,17563.41,17428.17,59.73M,0.76%,-2932.57,22.53,-725.84,1.78
28/02/2024,11861.07,97.35,2/28/2024,17601.22,17569.61,17605.61,17552.98,56.65M,0.25%,-862.45,7.57,-180.81,0.21
29/02/2024,-15808.32,114.80,2/29/2024,17678.19,17634.61,17742.48,17620.11,102.74M,0.44%,-1089.82,11.71,-174.85,1.70
01/03/2024,-16499.26,96.76,3/1/2024,17735.07,17793.47,17816.52,17690.89,85.78M,0.32%,-7923.43,5.13,-2934.32,0.42
04/03/2024,988.28,110.31,3/4/2024,17716.17,17743.44,17756.39,17684.73,1.22M,-0.11%,-724.53,3.31,-794.90,0.27
05/03/2024,9174.11,102.33,3/5/2024,17698.40,17682.78,17746.57,17643.11,74.18M,-0.10%,123.52,2.55,-220.36,0.53
06/03/2024,-13754.27,143.49,3/6/2024,17716.71,17685.92,17745.16,17682.51,91.49M,0.10%,285.72,5.02,-8.30,0.15
07/03/2024,-2537.68,126.25,3/7/2024,17842.85,17648.89,17879.11,17619.40,86.70M,0.71%,-480.52,5.24,6.27,0.46
08/03/2024,-5189.90,94.86,3/8/2024,17814.51,17849.85,17860.51,17795.13,67.94M,-0.16%,-1971.88,6.54,-466.47,0.78
11/03/2024,4016.66,46.59,3/11/2024,17746.27,17690.95,17750.72,17662.55,66.65M,-0.38%,406.61,7.57,63.03,1.55
12/03/2024,1134.66,89.71,3/12/2024,17965.11,17810.15,17973.22,17746.89,91.39M,1.23%,-1104.21,13.65,809.14,4.76
13/03/2024,2431.36,58.56,3/13/2024,17961.38,17984.50,18001.42,17939.56,92.88M,-0.02%,-421.01,7.50,11.68,1.14
14/03/2024,4420.87,123.79,3/14/2024,17942.04,18002.97,18039.05,17899.93,93.59M,-0.11%,-383.86,5.28,-142.84,3.73
15/03/2024,5394.05,68.88,3/15/2024,17936.65,17938.14,18038.11,17926.72,202.91M,-0.03%,42409.83,118.10,399.69,5.56
18/03/2024,-1339.24,61.86,3/18/2024,17932.68,17936.31,18015.49,17902.92,63.02M,-0.02%,-950.25,20.52,-680.76,0.14
19/03/2024,-1573.87,74.10,3/19/2024,17987.49,17932.18,17998.04,17914.18,73.42M,0.31%,616.63,13.72,42.76,0.45
20/03/2024,-2630.21,92.82,3/20/2024,18015.13,17987.91,18044.49,17955.69,61.71M,0.15%,754.71,9.11,-1.46,0.93
21/03/2024,-2972.46,121.34,3/21/2024,18179.25,18019.86,18179.81,18019.86,79.12M,0.91%,-575.15,13.54,997.40,1.59
22/03/2024,3461.68,79.38,3/22/2024,18205.94,18175.08,18225.97,18140.99,68.62M,0.15%,-517.01,13.77,338.30,1.95
25/03/2024,4755.04,70.15,3/25/2024,18261.31,18206.36,18285.58,18176.85,53.80M,0.30%,-266.07,10.45,33.02,0.30
26/03/2024,-2662.02,108.68,3/26/2024,18384.35,18262.11,18411.98,18256.81,58.79M,0.67%,-3019.09,7.81,33.00,0.73
27/03/2024,7984.15,122.07,3/27/2024,18477.09,18385.17,18511.17,18385.17,66.34M,0.50%,-731.37,9.96,-331.75,2.64
28/03/2024,-1842.73,138.61,3/28/2024,18492.49,18477.40,18513.83,18468.87,75.72M,0.08%,-2267.97,10.50,329.33,1.27
02/04/2024,8309.10,160.48,4/2/2024,18283.13,18492.36,18567.16,18275.94,82.08M,-1.13%,2361.66,26.42,1103.36,10.57
03/04/2024,-3643.04,175.15,4/3/2024,18367.72,18281.82,18376.08,18281.82,76.33M,0.46%,40879.75,184.25,-201.20,7.03
04/04/2024,2422.94,115.26,4/4/2024,18403.13,18366.37,18427.43,18340.24,62.52M,0.19%,-514.39,7.83,95.56,17.65
05/04/2024,-9157.68,103.80,4/5/2024,18175.04,18401.83,18401.83,18088.03,77.05M,-1.24%,1479.52,24.17,-814.82,2.78
08/04/2024,426.82,112.34,4/8/2024,18318.97,18163.39,18326.37,18163.39,61.07M,0.79%,-598.38,10.26,58.86,2.66
09/04/2024,-10780.83,125.37,4/9/2024,18076.69,18318.40,18318.51,18058.22,65.28M,-1.32%,-507.64,8.23,-970.86,2.56
10/04/2024,12489.83,142.18,4/10/2024,18097.30,18078.89,18239.50,17975.84,83.35M,0.11%,742.42,7.32,1335.18,11.46
11/04/2024,-6306.29,119.21,4/11/2024,17954.48,18096.51,18101.31,17864.69,84.37M,-0.79%,-1309.34,30.76,95.66,1.42
12/04/2024,-12315.83,131.79,4/12/2024,17930.32,17965.95,18162.56,17860.73,78.99M,-0.13%,2258.91,21.46,84.45,6.12
15/04/2024,13106.56,116.28,4/15/2024,18026.58,17937.62,18191.95,17937.62,65.14M,0.54%,1067.24,10.85,-884.83,22.20
16/04/2024,-20967.01,120.48,4/16/2024,17766.23,18022.17,18022.69,17713.50,73.22M,-1.44%,691.94,16.27,-960.18,15.74
17/04/2024,11697.18,222.22,4/17/2024,17770.02,17764.03,17907.58,17731.79,55.97M,0.02%,497.29,28.90,-196.19,12.18
18/04/2024,-20140.48,128.26,4/18/2024,17837.40,17775.41,17863.32,17716.92,60.70M,0.38%,408.15,31.70,-582.85,0.10
19/04/2024,-7940.43,110.46,4/19/2024,17737.36,17834.83,17834.87,17626.90,79.45M,-0.56%,-1798.10,24.56,86.10,0.98
22/04/2024,-14165.13,134.89,4/22/2024,17860.80,17738.04,17889.47,17738.04,62.45M,0.70%,733.87,12.05,550.95,16.03
23/04/2024,10082.19,174.22,4/23/2024,18137.65,17861.20,18144.66,17861.20,68.53M,1.55%,-996.43,8.72,1144.00,17.21
24/04/2024,-1595.92,127.94,4/24/2024,18088.70,18140.19,18226.32,18060.26,75.10M,-0.27%,-362.86,7.40,-642.12,1.28
25/04/2024,1626.60,131.02,4/25/2024,17917.28,18088.17,18100.75,17795.96,101.52M,-0.95%,-4619.78,19.93,-593.12,16.65
26/04/2024,-5349.95,116.69,4/26/2024,18161.01,17920.73,18199.71,17920.73,76.01M,1.36%,-3800.52,17.66,865.50,4.58
29/04/2024,-3500.86,96.63,4/29/2024,18118.32,18162.15,18235.80,18103.43,77.25M,-0.24%,1554.41,11.15,-82.67,0.27
30/04/2024,-12424.65,88.88,4/30/2024,17932.17,18119.93,18153.69,17920.72,88.21M,-1.03%,-117.84,40.46,-571.63,0.44
02/05/2024,442.91,147.97,5/2/2024,17896.50,17935.78,17981.04,17875.98,71.33M,-0.20%,-98.96,3.64,50.84,0.41
03/05/2024,-356.17,88.07,5/3/2024,17993.69,17900.15,18105.82,17900.02,71.26M,0.54%,-500.00,9.94,11.92,0.47
06/05/2024,-5339.69,74.88,5/6/2024,18175.21,18001.13,18199.15,18001.13,46.04M,1.01%,1038.56,10.90,-74.28,1.57
07/05/2024,3190.81,103.84,5/7/2024,18430.05,18175.21,18442.40,18175.21,85.37M,1.40%,16657.73,35.85,-40.25,1.09
08/05/2024,17283.95,145.33,5/8/2024,18498.38,18430.25,18542.10,18427.26,74.22M,0.37%,1354.04,4.19,176.36,1.73
09/05/2024,14650.70,150.08,5/9/2024,18686.60,18498.09,18699.29,18488.04,53.61M,1.02%,40825.79,183.22,2016.69,3.78
10/05/2024,-277.51,103.70,5/10/2024,18772.85,18686.85,18845.86,18686.85,87.91M,0.46%,25386.75,20.56,-1356.40,0.60
13/05/2024,3684.66,146.47,5/13/2024,18742.22,18773.24,18799.77,18706.08,66.37M,-0.16%,-1967.36,28.65,-1732.44,0.22
14/05/2024,3253.35,220.56,5/14/2024,18716.42,18735.84,18748.76,18629.03,73.29M,-0.14%,2724.94,43.40,36.37,0.27
15/05/2024,-12519.79,163.63,5/15/2024,18869.36,18719.81,18892.92,18719.81,81.63M,0.82%,-8760.67,28.27,-3045.28,0.73
16/05/2024,17080.94,183.65,5/16/2024,18738.81,18874.85,18890.78,18716.33,76.32M,-0.69%,-424.63,67.26,-173.02,0.53
17/05/2024,-5443.53,141.52,5/17/2024,18704.42,18713.25,18724.02,18627.91,75.99M,-0.18%,-5481.00,78.95,-699.29,0.79
20/05/2024,6822.21,207.06,5/20/2024,18768.96,18710.13,18804.00,18710.13,41.19M,0.35%,617.88,57.81,-3.81,0.23
21/05/2024,10521.96,124.68,5/21/2024,18726.76,18768.64,18768.64,18638.14,65.73M,-0.22%,870.33,7.97,-6.18,0.50
22/05/2024,-13177.80,206.90,5/22/2024,18680.20,18731.65,18731.65,18642.20,57.98M,-0.25%,-1373.55,15.71,-7.91,0.61
23/05/2024,-1639.67,193.38,5/23/2024,18691.32,18682.48,18766.68,18639.17,63.72M,0.06%,533.48,12.18,-766.88,0.70
24/05/2024,7990.19,167.38,5/24/2024,18693.37,18687.60,18706.65,18515.84,53.86M,0.01%,2420.94,26.60,-30.53,0.16
27/05/2024,-1027.13,120.16,5/27/2024,18774.71,18703.13,18775.13,18680.81,37.34M,0.44%,729.80,21.75,0.27,0.02
28/05/2024,8408.11,148.29,5/28/2024,18677.87,18775.55,18855.05,18635.04,52.67M,-0.52%,5.41,17.31,-11.33,0.56
29/05/2024,2231.86,217.53,5/29/2024,18473.29,18677.70,18677.70,18438.01,59.55M,-1.10%,6668.29,75.78,1147.82,19.18
30/05/2024,5435.89,184.67,5/30/2024,18496.79,18465.47,18531.85,18394.43,52.35M,0.13%,-1033.54,19.69,-9.68,0.54
31/05/2024,12037.38,152.25,5/31/2024,18497.94,18495.22,18542.27,18426.72,144.01M,0.01%,11373.35,38.64,-87.15,0.39
03/06/2024,-47.16,109.58,6/3/2024,18608.16,18503.79,18697.09,18503.79,54.18M,0.60%,-4864.86,60.78,468.79,12.17
04/06/2024,-7603.73,131.46,6/4/2024,18405.64,18608.30,18608.30,18365.53,81.41M,-1.09%,1323.83,26.41,60.43,0.16
05/06/2024,-616.90,131.63,6/5/2024,18575.94,18406.06,18624.36,18406.06,63.88M,0.93%,1921.83,19.08,1139.90,12.11
06/06/2024,19285.99,113.07,6/6/2024,18652.67,18576.58,18784.65,18576.58,60.88M,0.41%,3025.43,71.49,75.00,1.48
07/06/2024,-2934.62,181.69,6/7/2024,18557.27,18649.08,18649.08,18424.60,61.38M,-0.51%,-202.61,139.07,485.60,6.10
10/06/2024,10899.16,102.72,6/10/2024,18494.89,18550.33,18550.33,18359.42,53.45M,-0.34%,8389.19,46.58,605.79,6.29
11/06/2024,1678.68,144.28,6/11/2024,18369.94,18497.85,18543.04,18281.56,63.76M,-0.68%,859.14,8.35,-1539.65,2.83
12/06/2024,15700.35,187.45,6/12/2024,18630.86,18368.52,18651.70,18368.52,61.49M,1.42%,-20082.29,42.57,253.22,17.99
13/06/2024,-9183.52,97.92,6/13/2024,18265.68,18632.01,18632.01,18253.42,72.49M,-1.96%,-3744.03,76.46,-129.96,1.39
14/06/2024,2971.15,78.89,6/14/2024,18002.02,18267.68,18304.79,17951.17,92.52M,-1.44%,-709.13,13.01,-1180.43,1.03
17/06/2024,-557.15,68.50,6/17/2024,18068.21,18008.23,18149.33,17969.54,57.82M,0.37%,2886.38,37.01,119.40,3.06
18/06/2024,-10413.17,116.10,6/18/2024,18131.97,18073.44,18214.20,18073.24,50.84M,0.35%,1436.24,45.66,-152.23,1.50
19/06/2024,12937.49,54.77,6/19/2024,18067.91,18131.35,18148.01,18055.63,52.04M,-0.35%,3607.46,46.20,14.22,0.76
20/06/2024,27924.51,116.71,6/20/2024,18254.18,18068.67,18254.18,18068.58,59.52M,1.03%,-44.83,8.50,187.08,1.60
21/06/2024,-2243.04,111.74,6/21/2024,18163.52,18254.57,18257.94,18090.04,154.54M,-0.50%,-6595.53,33.41,-154.93,4.76
24/06/2024,5015.26,70.76,6/24/2024,18325.58,18165.54,18354.71,18165.54,61.74M,0.89%,1262.84,24.75,71.02,0.79
25/06/2024,-11147.36,78.66,6/25/2024,18177.62,18300.42,18307.61,18075.75,54.13M,-0.81%,483.36,5.63,-418.25,5.14
26/06/2024,-836.09,101.60,6/26/2024,18155.24,18176.80,18363.39,18045.54,56.45M,-0.12%,367.81,5.27,-197.51,0.97
27/06/2024,4082.11,53.81,6/27/2024,18210.55,18154.97,18265.52,18141.28,54.45M,0.30%,1524.57,10.63,-192.91,1.89
28/06/2024,-429.77,75.89,6/28/2024,18235.45,18211.97,18352.65,18198.10,64.59M,0.14%,144.47,13.30,62.59,0.82
01/07/2024,5603.26,97.89,7/1/2024,18290.66,18236.35,18460.72,18236.27,55.85M,0.30%,2468.55,21.70,-164.84,2.45
02/07/2024,1848.84,72.48,7/2/2024,18164.06,18286.86,18286.86,18030.49,57.15M,-0.69%,-4155.07,20.93,-1.65,1.78
03/07/2024,-493.30,64.88,7/3/2024,18374.53,18181.71,18395.60,18181.71,59.16M,1.16%,2361.21,16.72,91.02,1.33
04/07/2024,1212.57,72.09,7/4/2024,18450.48,18375.96,18468.16,18375.68,34.33M,0.41%,354.20,6.34,1.40,1.34
05/07/2024,-794.52,90.44,7/5/2024,18475.45,18450.59,18650.36,18420.57,45.50M,0.14%,-2420.05,34.18,70.20,0.29
08/07/2024,6112.03,94.22,7/8/2024,18472.05,18474.27,18631.61,18444.06,45.31M,-0.02%,765.91,23.12,68.87,0.42
09/07/2024,19964.71,115.44,7/9/2024,18236.19,18471.35,18473.00,18213.98,56.40M,-1.28%,-399.45,13.32,-22.76,2.49
10/07/2024,-9824.82,49.60,7/10/2024,18407.22,18236.75,18420.13,18236.75,49.28M,0.94%,164.92,6.81,-1.60,1.07
11/07/2024,4316.38,72.94,7/11/2024,18534.56,18409.70,18578.45,18409.65,50.93M,0.69%,998.45,8.32,23.16,1.17
12/07/2024,-4167.61,45.33,7/12/2024,18748.18,18534.49,18779.40,18528.39,49.83M,1.15%,-3015.38,30.75,54.09,0.42
15/07/2024,-2477.87,62.94,7/15/2024,18590.89,18736.11,18743.68,18581.02,42.77M,-0.84%,-2402.76,12.58,9.68,0.19
16/07/2024,-8182.86,68.69,7/16/2024,18518.03,18586.42,18586.42,18448.27,45.19M,-0.39%,-2751.02,30.04,11.45,0.18
17/07/2024,5677.29,58.93,7/17/2024,18437.30,18512.11,18532.66,18347.24,49.01M,-0.44%,2361.15,18.22,50.73,0.27
18/07/2024,12203.60,65.36,7/18/2024,18354.76,18439.33,18536.26,18352.33,52.14M,-0.45%,1374.27,29.50,-11167.95,0.57
19/07/2024,-12399.96,60.97,7/19/2024,18171.93,18340.85,18341.82,18162.30,58.26M,-1.00%,967.18,12.03,339.45,0.14
22/07/2024,-9856.22,57.16,7/22/2024,18407.07,18270.85,18468.60,18231.41,46.82M,1.29%,-1025.69,23.24,91.42,0.58
23/07/2024,-1383.66,47.02,7/23/2024,18557.70,18500.67,18647.10,18464.22,48.61M,0.82%,799.40,34.39,21.76,0.99
24/07/2024,-10465.24,45.87,7/24/2024,18387.46,18394.30,18456.39,18348.99,71.71M,-0.92%,1235.49,9.22,60.91,1.66
25/07/2024,-7101.60,72.56,7/25/2024,18298.72,18209.40,18326.18,18096.69,70.73M,-0.48%,5503.32,47.93,229.37,5.24
26/07/2024,-4510.73,40.42,7/26/2024,18417.55,18255.35,18428.88,18218.54,46.95M,0.65%,218.68,3.10,16.72,0.07
29/07/2024,460.51,39.67,7/29/2024,18320.67,18542.43,18546.32,18309.27,42.85M,-0.53%,-1652.08,17.98,14.63,0.04
30/07/2024,-1024.01,47.72,7/30/2024,18411.18,18363.93,18469.08,18341.42,43.05M,0.49%,-2666.77,27.43,4.40,0.05
31/07/2024,-323.83,59.73,7/31/2024,18508.65,18503.18,18564.39,18434.82,62.45M,0.53%,-3045.25,26.57,9.13,0.34
01/08/2024,-7160.36,106.40,8/1/2024,18083.05,18432.50,18440.92,18069.62,71.40M,-2.30%,-1303.32,25.55,57.98,1.28
02/08/2024,-16366.07,70.85,8/2/2024,17661.22,17884.86,17918.02,17623.97,93.52M,-2.33%,-809.22,27.11,93.88,0.18
05/08/2024,-44768.43,138.15,8/5/2024,17339.00,17525.59,17525.59,17024.82,101.88M,-1.82%,4833.32,83.27,1740.86,0.55
06/08/2024,-15192.53,66.52,8/6/2024,17354.32,17422.57,17505.23,17233.07,78.12M,0.09%,-456.97,27.44,69.31,0.03
07/08/2024,9520.63,302.74,8/7/2024,17615.15,17438.65,17666.82,17386.88,73.60M,1.50%,1439.38,16.88,30.91,0.20
08/08/2024,-679.06,47.60,8/8/2024,17680.40,17516.05,17696.67,17439.87,61.73M,0.37%,-21344.85,32.11,28.37,0.19
09/08/2024,-11437.55,76.93,8/9/2024,17722.88,17672.90,17788.72,17618.42,,0.24%,292.88,5.95,0.91,0.04
12/08/2024,2209.69,45.68,8/12/2024,17726.47,17784.03,17829.10,17677.79,38.71M,0.02%,6131.47,37.77,5.72,0.05
13/08/2024,10352.53,63.02,8/13/2024,17812.05,17799.66,17817.07,17669.64,,0.48%,272.02,11.46,18.07,0.08
14/08/2024,45388.33,90.38,8/14/2024,17885.60,17882.18,17921.99,17827.08,,0.41%,85.48,8.58,3.72,0.07
15/08/2024,15739.72,88.54,8/15/2024,18183.24,17977.81,18198.09,17909.74,,1.66%,70.51,4.63,12.46,0.02
16/08/2024,-13863.60,53.44,8/16/2024,18322.40,18236.02,18344.22,18226.60,63.80M,0.77%,-2866.22,33.81,116.05,0.58
19/08/2024,3340.99,37.54,8/19/2024,18421.69,18312.51,18454.94,18284.86,43.77M,0.54%,146.49,4.29,9.26,0.70
20/08/2024,-7644.43,80.56,8/20/2024,18357.52,18473.23,18495.28,18349.98,42.91M,-0.35%,77.42,4.22,-10.74,0.07
21/08/2024,-3984.81,42.74,8/21/2024,18448.95,18358.79,18476.63,18352.19,36.07M,0.50%,102.55,3.48,57.55,0.09
22/08/2024,5217.74,75.22,8/22/2024,18493.39,18459.28,18551.39,18458.61,40.95M,0.24%,-125.82,5.96,-1.75,0.14
23/08/2024,-8160.25,26.60,8/23/2024,18633.10,18538.87,18670.45,18519.29,41.12M,0.76%,-1675.54,11.82,-8.78,0.29
26/08/2024,3666.20,22.84,8/26/2024,18617.02,18589.90,18638.97,18554.51,23.95M,-0.09%,1010.13,44.17,-3.90,0.04
27/08/2024,-14766.72,42.46,8/27/2024,18681.81,18637.20,18724.39,18622.66,35.31M,0.35%,7274.42,49.68,-6.93,0.16
28/08/2024,-10829.96,53.41,8/28/2024,18782.29,18745.14,18856.59,18731.45,37.62M,0.54%,2474.20,21.07,36.40,0.10
29/08/2024,-15442.90,56.82,8/29/2024,18912.57,18791.17,18936.04,18781.16,39.42M,0.69%,7378.06,56.15,15.34,0.11
30/08/2024,-11623.09,47.18,8/30/2024,18906.92,18891.35,18970.71,18886.09,95.58M,-0.03%,-180.64,45.50,-2.70,0.21
02/09/2024,-8093.12,26.96,9/2/2024,18930.85,18913.53,18937.98,18778.54,36.66M,0.13%,317.19,6.95,10.41,0.11
03/09/2024,-12287.22,69.55,9/3/2024,18747.11,18979.53,18990.78,18728.46,51.87M,-0.97%,5181.62,70.60,-8.84,0.25
04/09/2024,-10288.76,53.46,9/4/2024,18591.85,18531.98,18654.20,18531.98,52.36M,-0.83%,363.17,6.63,7.51,0.32
05/09/2024,1880.26,42.39,9/5/2024,18576.50,18539.15,18677.63,18536.56,57.26M,-0.08%,-2276.34,45.10,29.23,0.15
06/09/2024,2235.58,44.93,9/6/2024,18301.90,18534.87,18607.79,18274.98,60.81M,-1.48%,7276.63,31.36,85.69,0.34
09/09/2024,-3271.21,39.00,9/9/2024,18443.56,18379.52,18484.28,18353.25,43.11M,0.77%,-8916.90,41.08,39.89,0.24
10/09/2024,-13852.53,44.09,9/10/2024,18265.92,18417.11,18490.68,18233.86,70.04M,-0.96%,1351.49,13.43,40.63,0.06
11/09/2024,-10384.05,74.77,9/11/2024,18330.27,18342.57,18434.62,18208.84,87.37M,0.35%,297.41,4.31,8.03,0.02
12/09/2024,-20503.31,52.60,9/12/2024,18518.39,18533.41,18595.83,18382.26,61.59M,1.03%,723.61,16.17,2.59,0.53
13/09/2024,-5878.91,62.30,9/13/2024,18699.40,18546.22,18722.19,18542.23,69.69M,0.98%,494.61,21.07,40.33,0.13
16/09/2024,-13036.78,50.26,9/16/2024,18633.11,18621.78,18672.23,18599.53,51.21M,-0.35%,-1242.74,34.24,8.79,0.12
17/09/2024,-7840.73,55.06,9/17/2024,18726.08,18686.76,18805.09,18671.64,60.26M,0.50%,1973.61,40.65,108.34,0.72
18/09/2024,-8477.66,62.38,9/18/2024,18711.49,18729.64,18756.53,18695.37,56.15M,-0.08%,-999.03,18.06,397.77,0.15
19/09/2024,4235.71,55.99,9/19/2024,19002.38,18877.57,19044.96,18806.16,80.22M,1.55%,7286.52,35.99,84.97,0.34
20/09/2024,483.72,46.00,9/20/2024,18720.01,18895.82,18900.44,18710.34,155.12M,-1.49%,7443.34,48.34,16.92,0.14
23/09/2024,769.59,37.21,9/23/2024,18846.79,18766.92,18857.37,18684.34,67.19M,0.68%,976.19,24.95,14.98,0.41
24/09/2024,-7173.87,77.90,9/24/2024,18996.63,18982.40,19029.45,18903.48,57.33M,0.80%,-2062.42,40.08,3.89,0.58
25/09/2024,-4241.94,135.88,9/25/2024,18918.50,18845.92,18965.01,18840.13,52.17M,-0.41%,10831.59,47.56,36.80,0.12
26/09/2024,98032.87,253.46,9/26/2024,19238.36,19107.86,19253.07,19088.42,78.29M,1.69%,-4421.47,78.91,67.19,0.69
27/09/2024,45682.60,156.19,9/27/2024,19473.63,19257.68,19491.93,19239.86,77.62M,1.22%,-3025.51,55.76,-25.85,0.47
30/09/2024,-30810.67,81.71,9/30/2024,19324.93,19412.33,19449.98,19314.34,67.08M,-0.76%,-3185.13,43.30,27.45,0.30
01/10/2024,3164.85,66.03,10/1/2024,19213.14,19409.39,19448.95,19143.79,69.88M,-0.58%,631.94,15.73,49.45,0.34
02/10/2024,-22707.45,50.71,10/2/2024,19164.75,19221.66,19250.89,19059.60,49.48M,-0.25%,331.53,27.97,-8.42,0.19
03/10/2024,-9646.28,52.94,10/3/2024,19015.41,19074.45,19110.31,18964.31,46.99M,-0.78%,2801.89,31.31,-13.38,0.08
04/10/2024,-12828.93,43.18,10/4/2024,19120.93,18968.85,19171.54,18952.44,58.40M,0.55%,-11470.83,46.99,27.77,0.38
07/10/2024,-21212.49,46.48,10/7/2024,19104.10,19150.27,19151.97,19011.94,46.29M,-0.09%,6706.78,27.08,16.49,0.52
08/10/2024,-27869.62,62.38,10/8/2024,19066.47,18937.70,19098.48,18911.72,49.31M,-0.20%,1865.28,7.29,-382.16,28.27
09/10/2024,-6261.31,30.78,10/9/2024,19254.93,19065.18,19259.12,19007.85,53.33M,0.99%,-3035.68,39.95,-218.87,24.06
10/10/2024,-7900.43,44.62,10/10/2024,19210.90,19242.85,19285.16,19145.42,52.37M,-0.23%,-1803.33,16.97,304.88,18.21
11/10/2024,-28000.57,56.88,10/11/2024,19373.83,19206.31,19377.10,19175.78,54.98M,0.85%,185.51,5.17,-384.13,6.29
14/10/2024,-10304.34,50.50,10/14/2024,19508.29,19409.69,19518.44,19392.64,43.01M,0.69%,11540.66,39.33,178.70,12.55
15/10/2024,-19482.76,83.48,10/15/2024,19486.19,19581.57,19633.91,19457.49,69.66M,-0.11%,1773.09,50.27,-33.62,0.34
16/10/2024,-5542.16,71.60,10/16/2024,19432.81,19465.30,19510.26,19401.54,51.09M,-0.27%,1526.73,24.32,30.89,0.27
17/10/2024,1096.62,103.58,10/17/2024,19583.39,19509.79,19674.68,19499.46,49.00M,0.77%,-1525.54,40.25,362.61,2.36
18/10/2024,-3452.33,78.42,10/18/2024,19657.37,19543.71,19667.34,19540.20,57.11M,0.38%,-5494.80,19.76,65.03,0.45
21/10/2024,-5889.84,52.79,10/21/2024,19461.19,19609.42,19645.02,19451.72,41.63M,-1.00%,15312.21,45.85,343.00,8.16
22/10/2024,-1518.97,67.15,10/22/2024,19421.91,19528.91,19591.49,19368.69,54.44M,-0.20%,3004.94,29.19,32.19,0.24
23/10/2024,716.36,53.29,10/23/2024,19377.62,19399.33,19464.54,19330.11,52.26M,-0.23%,-693.27,15.42,6.05,2.05
24/10/2024,-2478.76,68.22,10/24/2024,19443.00,19417.73,19555.45,19417.73,55.47M,0.34%,-1515.65,3.41,204.31,2.25
25/10/2024,-10011.37,62.79,10/25/2024,19463.59,19419.52,19516.24,19388.91,46.01M,0.11%,193.06,2.69,14.27,0.12
28/10/2024,-4519.50,54.36,10/28/2024,19531.62,19528.67,19570.92,19399.16,46.67M,0.35%,-1196.31,9.49,-1573.45,1.28
29/10/2024,4629.60,67.11,10/29/2024,19478.07,19634.33,19643.12,19465.00,46.98M,-0.27%,166.02,1.01,118.91,2.26
30/10/2024,4554.14,63.77,10/30/2024,19257.34,19403.43,19420.94,19201.24,59.54M,-1.13%,-249.98,1.84,-12.66,0.24
31/10/2024,4999.46,69.19,10/31/2024,19077.54,19096.68,19184.31,19004.97,63.37M,-0.93%,419.60,8.84,43.01,0.39
01/11/2024,5467.33,26.23,11/1/2024,19254.97,19093.99,19297.64,19082.10,45.76M,0.93%,11.64,2.82,80.73,0.34
04/11/2024,11179.76,47.37,11/4/2024,19147.85,19231.86,19286.04,19147.76,43.11M,-0.56%,1.69,0.05,-141.37,0.32
05/11/2024,5267.57,28.82,11/5/2024,19256.27,19170.15,19263.14,19104.59,47.18M,0.57%,107.00,1.75,50.03,0.15
06/11/2024,-1531.92,58.17,11/6/2024,19039.31,19360.75,19563.97,19007.88,112.73M,-1.13%,627.77,6.01,138.11,0.35
07/11/2024,-6304.23,37.00,11/7/2024,19362.52,19157.22,19437.88,19148.79,83.27M,1.70%,-295.92,2.40,18.34,0.05
08/11/2024,-7797.85,63.08,11/8/2024,19215.48,19411.59,19411.60,19146.53,69.79M,-0.76%,610.37,13.63,9.45,0.12
11/11/2024,-8229.90,49.13,11/11/2024,19448.60,19386.70,19546.90,19382.48,59.02M,1.21%,-2235.39,58.84,63.23,0.35
12/11/2024,-1623.81,51.80,11/12/2024,19033.64,19260.58,19339.82,19019.67,92.93M,-2.13%,800.69,16.29,103.35,0.17
13/11/2024,9322.73,49.49,11/13/2024,19003.11,19024.28,19125.69,18838.68,92.68M,-0.16%,-1103.31,19.33,45.39,0.14
14/11/2024,-2500.68,45.76,11/14/2024,19263.70,19072.19,19307.57,19060.44,77.86M,1.37%,-1887.80,3.92,185.38,0.25
15/11/2024,-1993.38,29.65,11/15/2024,19210.81,19135.64,19288.89,19121.14,67.44M,-0.27%,-2889.92,10.31,38.13,0.04
18/11/2024,8269.50,62.33,11/18/2024,19189.19,19249.26,19279.16,19091.90,51.55M,-0.11%,-539.60,4.21,-29.01,0.05
19/11/2024,-5131.80,58.69,11/19/2024,19060.31,19175.84,19211.80,18812.53,62.32M,-0.67%,1492.35,19.04,102.44,0.33
20/11/2024,-2264.29,58.42,11/20/2024,19004.78,19153.03,19198.74,18962.19,53.80M,-0.29%,3099.68,8.23,-8.17,0.04
21/11/2024,1659.84,72.70,11/21/2024,19146.17,19060.92,19152.61,18900.02,55.65M,0.74%,70.53,1.11,2.43,0.18
22/11/2024,-6578.37,44.55,11/22/2024,19322.59,19240.23,19338.10,19036.41,71.16M,0.92%,-521.47,11.64,136.67,0.37
25/11/2024,-20928.84,51.23,11/25/2024,19405.20,19462.24,19468.30,19329.88,121.85M,0.43%,1407.90,11.66,-3.42,0.06
26/11/2024,-3493.30,50.92,11/26/2024,19295.98,19309.16,19385.35,19239.37,60.76M,-0.56%,366.30,1.65,-5.95,0.17
27/11/2024,46210.32,152.61,11/27/2024,19261.75,19257.77,19287.04,19145.01,51.79M,-0.18%,1163.26,5.15,34.54,0.10
28/11/2024,28017.73,108.63,11/28/2024,19425.73,19366.72,19437.57,19346.59,42.53M,0.85%,-47.36,1.62,-26.17,0.78
29/11/2024,35079.96,100.78,11/29/2024,19626.45,19400.38,19640.15,19380.21,52.16M,1.03%,83.67,4.10,411.30,2.62
02/12/2024,13891.33,67.66,12/2/2024,19933.62,19586.17,19933.62,19568.50,63.21M,1.57%,-1577.85,6.69,329.90,5.52
03/12/2024,-370.96,29.54,12/3/2024,20016.75,19947.18,20038.01,19926.26,63.23M,0.42%,-1015.44,4.92,412.97,0.85
04/12/2024,-3113.20,45.69,12/4/2024,20232.14,20103.89,20260.61,20085.31,63.42M,1.08%,2880.83,16.35,237.47,1.79
05/12/2024,4502.82,33.23,12/5/2024,20358.80,20218.29,20373.43,20216.33,58.27M,0.63%,30.85,1.05,217.67,2.02
06/12/2024,13773.26,36.02,12/6/2024,20384.61,20374.54,20425.86,20331.24,61.61M,0.13%,-52.27,0.20,46.62,1.89
09/12/2024,40776.96,155.76,12/9/2024,20345.96,20461.85,20461.85,20318.26,58.79M,-0.19%,-658.47,4.56,84.43,0.29
10/12/2024,-5112.67,105.40,12/10/2024,20329.16,20278.74,20393.86,20277.63,66.18M,-0.08%,507.54,3.35,44.00,0.72
11/12/2024,-1527.30,26.73,12/11/2024,20399.16,20296.19,20415.41,20292.86,59.73M,0.34%,-2.68,0.06,38.29,0.41
12/12/2024,11148.39,37.70,12/12/2024,20426.27,20440.07,20453.44,20388.03,55.68M,0.13%,19.02,0.28,-6.38,0.05
13/12/2024,1822.30,28.18,12/13/2024,20405.92,20450.96,20522.82,20367.12,52.02M,-0.10%,-2005.68,20.82,101.76,0.25
16/12/2024,-19293.86,37.66,12/16/2024,20313.81,20360.75,20387.88,20304.78,64.21M,-0.45%,2004.90,19.46,-4377.80,0.78
17/12/2024,-20470.25,49.35,12/17/2024,20246.37,20290.96,20356.58,20241.50,70.86M,-0.33%,3185.01,35.38,-2653.73,0.46
18/12/2024,-14966.24,51.17,12/18/2024,20242.57,20273.85,20329.67,20241.98,62.49M,-0.02%,-18284.75,15.91,-74.27,0.37
19/12/2024,-7368.33,82.43,12/19/2024,19969.86,20032.05,20105.10,19959.18,70.05M,-1.35%,-2478.03,10.10,86.05,0.16
20/12/2024,7078.66,55.62,12/20/2024,19884.75,19822.87,19924.70,19649.87,135.98M,-0.43%,9750.20,69.83,3925.10,30.58
23/12/2024,-1738.84,48.57,12/23/2024,19848.77,19847.97,19901.32,19805.57,38.34M,-0.18%,28215.61,41.87,19.20,0.04
27/12/2024,-2561.84,21.40,12/27/2024,19984.32,19831.68,19984.32,19801.33,43.40M,0.68%,-228.58,0.95,19.32,0.04
30/12/2024,598.91,17.43,12/30/2024,19909.14,19892.97,19978.00,19882.67,26.66M,-0.38%,-4396.72,32.84,147.31,0.16
02/01/2025,-3138.47,20.27,1/2/2025,20024.66,19923.07,20024.79,19833.82,52.45M,0.58%,134.72,1.13,65.02,0.32
03/01/2025,-8486.39,54.36,1/3/2025,19906.08,20028.40,20031.11,19868.14,44.37M,-0.59%,-4830.54,36.33,50.29,0.22
06/01/2025,-18832.11,68.70,1/6/2025,20216.19,19982.66,20216.19,19921.12,70.78M,1.56%,-1497.60,10.01,259.92,0.51
07/01/2025,5105.34,32.45,1/7/2025,20340.57,20206.04,20391.17,20152.70,62.02M,0.62%,-51.33,0.93,65.20,0.92
08/01/2025,301.59,49.46,1/8/2025,20329.94,20322.17,20480.49,20242.56,62.95M,-0.05%,-3496.29,23.50,176.63,0.66
09/01/2025,-5986.53,34.80,1/9/2025,20317.10,20284.20,20360.38,20245.96,50.18M,-0.06%,-5183.55,41.31,41.36,0.34
10/01/2025,-9075.64,55.90,1/10/2025,20214.79,20316.55,20400.52,20187.97,76.25M,-0.50%,-17152.55,31.49,45.09,0.36
13/01/2025,-9102.42,58.20,1/13/2025,20132.85,20157.24,20176.11,20025.28,56.26M,-0.41%,-7826.38,30.91,-123.10,1.02
14/01/2025,-9283.24,51.20,1/14/2025,20271.33,20266.14,20362.59,20234.26,65.39M,0.69%,253.60,3.23,61.12,0.24
15/01/2025,-5781.42,69.01,1/15/2025,20574.68,20305.24,20629.77,20290.62,81.04M,1.50%,-1140.69,6.22,70.30,0.26
16/01/2025,-998.98,79.41,1/16/2025,20655.39,20665.61,20675.08,20580.09,66.27M,0.39%,1654.47,30.22,24.25,0.26
17/01/2025,-9594.52,57.86,1/17/2025,20903.39,20732.04,20924.50,20716.38,76.25M,1.20%,-4851.90,21.44,8.95,0.57
20/01/2025,-2116.09,67.96,1/20/2025,20990.31,20900.68,21054.60,20880.57,49.99M,0.42%,-1108.60,3.50,159.03,0.41
21/01/2025,-24637.03,81.23,1/21/2025,21042.00,20925.75,21045.67,20922.80,49.31M,0.25%,-2814.79,11.18,247.73,0.98
22/01/2025,-11082.75,66.09,1/22/2025,21254.27,21169.61,21330.87,21162.31,63.28M,1.01%,2914.39,47.25,-470.38,0.70
23/01/2025,4533.63,57.70,1/23/2025,21411.53,21277.58,21423.02,21254.08,56.35M,0.74%,-200.32,7.55,-589.79,1.36
24/01/2025,-1301.31,61.01,1/24/2025,21394.93,21463.15,21520.50,21353.01,67.38M,-0.08%,1321.11,30.29,-1755.11,17.88
27/01/2025,743.61,51.77,1/27/2025,21282.18,21201.99,21344.98,21081.61,79.34M,-0.53%,7562.21,31.80,13.67,2.55
28/01/2025,-4370.94,26.37,1/28/2025,21430.58,21374.29,21475.90,21296.33,68.02M,0.70%,370.44,7.89,299.86,2.29
29/01/2025,2110.35,39.04,1/29/2025,21637.53,21511.47,21671.59,21475.64,69.57M,0.97%,-994.71,3.99,91.68,3.15
30/01/2025,-7995.11,26.22,1/30/2025,21727.20,21676.22,21732.05,21650.78,81.45M,0.41%,-7259.34,34.05,300.63,4.11
31/01/2025,2438.31,30.52,1/31/2025,21732.05,21771.49,21800.52,21689.29,70.23M,0.02%,5644.20,33.75,470.90,3.13
03/02/2025,-3734.51,64.55,2/3/2025,21428.24,21301.53,21462.79,21252.71,80.51M,-1.40%,1548.05,2.52,177.52,0.33
04/02/2025,-3876.72,44.67,2/4/2025,21505.70,21474.79,21518.54,21298.71,63.68M,0.36%,-724.91,4.73,73.84,0.16
05/02/2025,1876.27,21.64,2/5/2025,21585.93,21429.83,21585.93,21387.72,61.17M,0.37%,-580.99,8.06,55.64,0.20
06/02/2025,-7152.68,45.68,2/6/2025,21902.42,21718.10,21921.02,21691.57,75.96M,1.47%,-9988.85,33.42,244.12,3.43
07/02/2025,2413.26,59.44,2/7/2025,21787.00,21908.48,21945.31,21759.97,68.65M,-0.53%,-6081.74,11.16,110.66,1.22
10/02/2025,-19609.04,55.80,2/10/2025,21911.74,21830.93,21945.57,21785.02,54.33M,0.57%,1571.55,13.03,17.53,3.24
11/02/2025,3831.44,31.41,2/11/2025,22037.83,21909.96,22046.41,21884.38,55.76M,0.58%,1648.22,16.48,63.94,0.17
12/02/2025,-25175.22,70.92,2/12/2025,22148.03,22077.82,22193.65,21971.63,73.78M,0.50%,-3953.25,5.14,98.63,0.26
13/02/2025,-12503.90,69.00,2/13/2025,22612.02,22410.58,22624.57,22306.33,96.48M,2.09%,319.32,2.62,-967.07,0.38
14/02/2025,1061.20,27.58,2/14/2025,22513.42,22526.87,22609.97,22467.37,68.29M,-0.44%,131.56,6.39,51.40,0.14
17/02/2025,-3774.49,27.13,2/17/2025,22798.09,22589.91,22804.20,22550.73,49.60M,1.26%,-3641.53,37.48,187.34,0.22
18/02/2025,-8465.84,34.80,2/18/2025,22844.50,22851.37,22882.77,22715.25,61.53M,0.20%,378.25,25.10,59.07,0.33
19/02/2025,-9073.49,37.94,2/19/2025,22433.63,22875.96,22935.06,22416.11,72.22M,-1.80%,7333.40,38.03,123.78,0.19
20/02/2025,-7754.47,42.02,2/20/2025,22314.65,22501.21,22574.59,22280.23,70.29M,-0.53%,-856.81,13.72,36.35,0.29
21/02/2025,-8929.75,39.90,2/21/2025,22287.56,22329.22,22393.59,22226.34,73.52M,-0.12%,826.80,39.76,-8.45,0.11
24/02/2025,-7599.94,39.39,2/24/2025,22425.93,22470.68,22515.36,22235.26,72.04M,0.62%,-6614.28,57.40,185.70,0.30
25/02/2025,-3425.02,59.11,2/25/2025,22410.27,22362.81,22576.12,22332.15,71.53M,-0.07%,538.92,14.17,131.46,0.35
26/02/2025,-2675.40,58.15,2/26/2025,22794.11,22571.93,22833.25,22554.37,81.09M,1.71%,2822.27,23.34,151.24,0.75
27/02/2025,6501.92,70.11,2/27/2025,22550.89,22587.27,22686.41,22378.06,74.23M,-1.07%,-1235.35,13.12,75.03,0.47
28/02/2025,1650.96,47.84,2/28/2025,22551.43,22409.25,22551.43,22329.06,119.06M,0.00%,16529.52,44.35,301.31,1.42
03/03/2025,-8760.29,41.98,3/3/2025,23147.02,22682.95,23307.97,22531.60,94.04M,2.64%,-26819.35,67.05,220.18,4.50
04/03/2025,-1269.45,54.90,3/4/2025,22326.81,22852.72,22869.92,22320.07,108.16M,-3.54%,-18177.20,82.56,310.12,2.83
05/03/2025,-18025.44,70.15,3/5/2025,23081.03,22804.81,23176.39,22790.89,143.96M,3.38%,841.73,24.95,348.26,0.65
06/03/2025,13742.76,90.09,3/6/2025,23419.48,23245.34,23475.88,23061.57,149.03M,1.47%,7357.82,32.60,105.18,0.12
07/03/2025,-32743.25,88.34,3/7/2025,23008.94,23195.22,23234.28,22860.08,106.64M,-1.75%,18168.06,76.56,-13.81,0.24
10/03/2025,-6055.71,48.06,3/10/2025,22620.95,23163.78,23164.24,22519.21,108.71M,-1.69%,4097.76,20.78,85.27,0.27
11/03/2025,-14091.25,56.86,3/11/2025,22328.77,22680.39,22835.10,22258.30,97.37M,-1.29%,2083.93,8.98,185.61,0.37
12/03/2025,11063.30,49.70,3/12/2025,22676.41,22525.74,22813.84,22461.77,80.93M,1.56%,-4093.38,43.83,158.96,0.46
13/03/2025,1068.21,67.77,3/13/2025,22567.14,22578.10,22752.83,22417.52,78.96M,-0.48%,10755.17,82.08,206.17,0.61
14/03/2025,498.93,56.07,3/14/2025,22986.82,22501.34,23049.48,22465.12,93.29M,1.86%,-29951.75,59.52,234.26,0.67
17/03/2025,3434.53,29.19,3/17/2025,23154.57,22998.53,23154.57,22933.57,67.15M,0.73%,5196.98,16.94,139.70,0.36
18/03/2025,-6663.48,42.85,3/18/2025,23380.70,23266.65,23476.01,23240.56,80.66M,0.98%,1361.61,9.60,141.69,1.01
19/03/2025,4459.60,56.33,3/19/2025,23288.06,23272.15,23372.08,23136.54,79.64M,-0.40%,9517.18,87.18,159.01,0.49
20/03/2025,3068.72,75.66,3/20/2025,22999.15,23295.72,23315.49,22819.76,92.47M,-1.24%,204.38,4.65,82.83,0.40
21/03/2025,568.76,40.78,3/21/2025,22891.68,22926.42,22956.98,22723.19,146.78M,-0.47%,2200.39,18.07,83.67,0.51
24/03/2025,30931.56,49.41,3/24/2025,22852.66,23075.76,23137.48,22813.11,66.76M,-0.17%,9700.61,78.61,150.44,0.44
25/03/2025,3842.76,39.79,3/25/2025,23109.79,22913.42,23182.78,22845.52,60.67M,1.13%,126.29,0.49,107.40,0.41
26/03/2025,1491.11,28.90,3/26/2025,22839.03,23202.25,23204.59,22826.37,57.80M,-1.17%,2447.73,6.47,117.53,0.60
27/03/2025,-38154.12,53.99,3/27/2025,22678.74,22574.46,22740.47,22469.88,74.82M,-0.70%,1725.95,50.82,-85.27,0.52
28/03/2025,-3311.36,51.36,3/28/2025,22461.52,22558.84,22614.96,22377.91,81.65M,-0.96%,-105.97,2.76,161.12,1.08
31/03/2025,1615.18,60.07,3/31/2025,22163.49,22253.05,22320.02,21978.46,83.87M,-1.33%,22.53,0.15,121.72,2.06
01/04/2025,-2787.23,53.07,4/1/2025,22539.98,22343.41,22573.71,22297.37,67.89M,1.70%,501.02,3.87,367.03,0.71
02/04/2025,8872.01,75.01,4/2/2025,22390.84,22483.93,22485.41,22139.27,61.15M,-0.66%,-79.28,0.27,114.78,1.81
03/04/2025,-817.32,123.48,4/3/2025,21717.39,21842.08,22147.45,21670.96,117.13M,-3.01%,10752.14,39.48,-4766.24,1.70
04/04/2025,-29274.52,136.09,4/4/2025,20641.72,21543.47,21642.17,20437.37,188.12M,-4.95%,4004.52,19.41,-1891.10,0.63
07/04/2025,7298.63,106.40,4/7/2025,19789.62,18751.75,20799.68,18489.91,246.53M,-4.13%,1696.44,4.54,-135.56,2.94
08/04/2025,479.21,72.50,4/8/2025,20280.26,20039.69,20468.43,19884.48,137.33M,2.48%,482.21,2.60,158.36,1.73
09/04/2025,2832.09,86.67,4/9/2025,19670.88,19833.56,20025.38,19384.39,141.65M,-3.00%,688.90,1.32,377.49,3.05
10/04/2025,-25433.90,95.18,4/10/2025,20562.73,21207.76,21300.31,20562.73,135.46M,4.53%,23.28,0.04,249.96,0.39
11/04/2025,-18512.52,69.33,4/11/2025,20374.10,20787.06,20796.45,20114.54,100.48M,-0.92%,-65.41,0.27,266.54,0.41
14/04/2025,3157.05,108.30,4/14/2025,20954.83,20802.42,21048.33,20698.91,74.52M,2.85%,146.14,3.76,171.41,0.92
15/04/2025,2992.29,27.41,4/15/2025,21253.70,21076.06,21288.12,21042.27,66.92M,1.43%,32.95,0.22,81.32,0.61
16/04/2025,-6449.47,63.25,4/16/2025,21311.02,21117.78,21315.96,20956.38,62.78M,0.27%,87.11,1.05,198.63,0.61
17/04/2025,3619.73,35.53,4/17/2025,21205.86,21433.55,21436.66,21142.26,66.67M,-0.49%,186.08,1.21,-2077.19,1.41
22/04/2025,-12765.82,476.28,4/22/2025,21293.53,21150.54,21296.91,21044.61,62.15M,0.41%,-6569.05,8.88,137.01,0.97
23/04/2025,-5512.11,117.14,4/23/2025,21961.97,21801.66,22043.75,21722.84,88.57M,3.14%,1169.66,8.33,-744.16,5.33
24/04/2025,-7309.01,58.07,4/24/2025,22064.51,21890.10,22081.52,21731.79,62.64M,0.47%,-3.40,0.02,62.17,0.64
25/04/2025,19765.04,192.43,4/25/2025,22242.45,22210.51,22318.36,22078.34,70.92M,0.81%,65.35,0.71,127.24,0.58
28/04/2025,-11157.83,36.61,4/28/2025,22271.67,22339.89,22443.41,22255.33,55.88M,0.13%,64.41,0.80,163.11,1.06
29/04/2025,2621.02,24.04,4/29/2025,22425.83,22377.17,22455.68,22319.28,75.55M,0.69%,149.02,2.41,8.30,10.81
30/04/2025,-1581.38,19.97,4/30/2025,22496.98,22520.49,22607.32,22235.74,99.19M,0.32%,-435.10,8.58,273.24,0.34
02/05/2025,-2238.09,28.77,5/2/2025,23086.65,22818.18,23086.65,22764.51,84.46M,2.62%,-3536.62,3.58,77.95,0.60
05/05/2025,1057.58,29.90,5/5/2025,23344.54,23064.26,23364.24,23064.26,48.83M,1.12%,-179.59,2.57,128.30,0.81
06/05/2025,12754.45,28.62,5/6/2025,23249.65,23387.35,23389.86,22861.40,67.25M,-0.41%,-324.81,0.69,184.32,1.24
07/05/2025,-1977.82,19.37,5/7/2025,23115.96,23252.95,23300.88,23100.93,66.59M,-0.58%,244.99,2.75,391.77,0.71
08/05/2025,3956.63,43.77,5/8/2025,23352.69,23265.77,23408.50,23238.46,68.15M,1.02%,229.19,2.40,423.72,1.72
09/05/2025,-3927.77,26.06,5/9/2025,23499.32,23480.38,23543.27,23428.88,69.23M,0.63%,151.30,1.33,-108.15,0.93
12/05/2025,-1299.90,33.11,5/12/2025,23566.54,23758.58,23911.98,23361.72,92.75M,0.29%,-86.76,0.91,234.48,0.83
13/05/2025,-119.75,29.54,5/13/2025,23638.56,23583.74,23649.88,23543.05,79.96M,0.31%,90.01,0.54,0.61,1.17
14/05/2025,8472.50,32.05,5/14/2025,23527.01,23679.03,23702.20,23444.41,80.37M,-0.47%,-237.50,1.65,-330.44,0.59
15/05/2025,10701.44,25.26,5/15/2025,23695.59,23422.18,23696.68,23338.89,74.79M,0.72%,-742.64,2.43,363.09,0.79
16/05/2025,-3240.18,16.62,5/16/2025,23767.43,23775.68,23887.14,23664.39,71.98M,0.30%,185.01,0.77,-303.99,0.56
19/05/2025,331.72,24.66,5/19/2025,23934.98,23705.93,23935.09,23676.35,47.85M,0.70%,88.83,16.70,355.43,0.69
20/05/2025,6592.42,33.08,5/20/2025,24036.11,24004.39,24082.48,23898.85,66.39M,0.42%,-482.30,8.74,451.22,0.97
21/05/2025,6432.09,29.44,5/21/2025,24122.40,23966.42,24152.24,23871.47,58.54M,0.36%,-979.04,4.67,814.58,1.37
22/05/2025,4194.38,34.50,5/22/2025,23999.17,24017.06,24040.21,23843.07,56.10M,-0.51%,-0.81,2.89,408.77,1.20
23/05/2025,3917.63,18.91,5/23/2025,23629.58,24026.69,24149.08,23274.85,94.25M,-1.54%,1040.20,3.43,589.95,1.61
26/05/2025,-8675.17,22.73,5/26/2025,24027.65,24009.10,24050.60,23932.04,37.00M,1.68%,-2888.56,3.53,352.99,1.11
27/05/2025,-4457.34,25.34,5/27/2025,24226.49,24054.16,24300.97,24027.75,53.47M,0.83%,-1043.89,13.52,-1380.55,2.20
28/05/2025,-2367.18,26.40,5/28/2025,24038.19,24250.99,24325.97,24038.19,57.89M,-0.78%,465.74,0.90,-119.52,1.39
29/05/2025,-709.34,45.51,5/29/2025,23933.23,24255.01,24255.01,23917.06,42.77M,-0.44%,974.53,3.08,709.18,1.03
30/05/2025,13158.48,61.07,5/30/2025,23997.48,23963.49,24181.53,23958.43,110.53M,0.27%,222.84,1.53,690.90,2.93
02/06/2025,17464.85,41.40,6/2/2025,23930.67,23865.38,23993.22,23740.09,53.15M,-0.28%,-1089.38,3.66,391.84,1.08
03/06/2025,-18305.01,15.92,6/3/2025,24091.62,24031.96,24101.55,23826.39,50.51M,0.67%,125.69,6.07,289.06,0.62
04/06/2025,-0.82,46.98,6/4/2025,24276.48,24253.69,24346.15,24129.32,54.18M,0.77%,319.58,3.45,219.13,0.69
05/06/2025,3032.37,34.42,6/5/2025,24323.58,24281.21,24479.42,24220.71,53.67M,0.19%,-258.77,9.88,177.93,1.23
06/06/2025,-1590.90,18.47,6/6/2025,24304.46,24304.37,24355.03,24214.53,41.24M,-0.08%,407.58,3.86,155.88,0.87
09/06/2025,-3395.77,22.24,6/9/2025,24174.32,24252.26,24289.51,24097.09,35.99M,-0.54%,-143.54,5.23,45.14,0.41
10/06/2025,-7103.62,43.63,6/10/2025,23987.56,24156.53,24168.59,23964.77,59.03M,-0.77%,2368.49,13.32,303.61,1.02
11/06/2025,4685.03,37.64,6/11/2025,23948.90,23996.66,24151.39,23948.57,62.19M,-0.16%,1674.51,14.47,106.65,0.43
12/06/2025,-509.28,25.84,6/12/2025,23771.45,23768.05,23885.06,23618.85,63.68M,-0.74%,-942.55,17.93,181.84,1.23
13/06/2025,2428.69,30.44,6/13/2025,23516.23,23448.19,23557.71,23360.16,73.19M,-1.07%,-1938.65,35.36,249.16,0.94
16/06/2025,2686.31,31.60,6/16/2025,23699.12,23589.47,23711.73,23505.54,55.48M,0.78%,5517.78,35.93,669.30,1.05
17/06/2025,-2741.53,36.73,6/17/2025,23434.65,23495.06,23550.99,23315.07,55.14M,-1.12%,-2103.51,31.92,399.75,1.19
18/06/2025,-2822.01,23.02,6/18/2025,23317.81,23426.97,23502.95,23262.64,56.99M,-0.50%,6837.45,29.00,89.07,0.23
19/06/2025,2684.13,30.22,6/19/2025,23057.38,23178.60,23254.86,23051.55,41.40M,-1.12%,620.41,22.02,-1045.08,3.11
20/06/2025,2204.42,33.40,6/20/2025,23350.55,23197.12,23481.97,23187.48,153.41M,1.27%,-346.49,29.12,2096.40,4.52
23/06/2025,-607.95,30.43,6/23/2025,23269.01,23242.90,23385.60,23080.29,50.04M,-0.35%,5128.70,29.61,294.85,0.90
24/06/2025,2567.12,20.76,6/24/2025,23641.58,23689.19,23812.79,23580.21,63.91M,1.60%,4965.94,58.18,534.64,3.12
25/06/2025,-2385.62,24.10,6/25/2025,23498.33,23713.24,23713.24,23466.73,57.28M,-0.61%,-3125.03,32.03,-295.65,2.57
26/06/2025,1148.06,19.20,6/26/2025,23649.30,23609.30,23710.58,23521.10,51.55M,0.64%,736.37,21.52,375.98,1.45
27/06/2025,3701.41,22.23,6/27/2025,24033.22,23864.67,24040.55,23784.62,57.58M,1.62%,113.00,14.13,-1091.24,3.45
30/06/2025,-4024.73,14.12,6/30/2025,23909.61,24109.15,24120.82,23854.31,70.77M,-0.51%,-2957.56,19.68,523.79,2.07
,,,,,,,,,,,,,
,,,,,,,,,,,,,
,,,,,,,,,,,,,
,,,,,,,,,,,,,
,,,,,,,,,,,,,
,,,,,,,,,,,,,
,,,,,,,,,,,,,
,,,,,,,,,,,,,
,,,,,,,,,,,,,
,,,,,,,,,,,,,
