Date,USOilCash_profit,USOilCash_lot,Price,Open,High,Low,Change %,USOilCash_World_lot,USOilCash_World_profit,USOilCash_China_lot,USOilCash_China_profit
2/1/2024,1851.16,120.18,70.41,71.86,73.53,69.97,-0.0202,2.88,542.91,65.11,4791.81
3/1/2024,-2506.89,144.09,72.97,70.42,73.13,69.19,0.0364,2.35,735.1,43.38,-1175.6
4/1/2024,2699.22,176.09,72.22,72.95,73.89,71,-0.0103,2.88,749.74,74.95,-48.5
5/1/2024,2474.55,207.36,73.87,72.22,74.14,72.14,0.0228,3.46,703.09,91.4,6593.65
8/1/2024,-4884.33,152.32,70.69,73.7,73.78,70.07,-0.0407,6.84,-23764.81,125.43,-22058.81
9/1/2024,-15003.32,184.04,72.11,70.67,72.86,70.42,0.0201,3.9,-934.94,83.01,6563.64
10/1/2024,-1849.49,152.53,71.2,72.11,73.5,70.95,-0.0126,5.03,-1080.17,78.8,3528.38
11/1/2024,2476.91,208.96,73.34,71.22,73.73,71.12,0.0301,6.84,1449.44,64.34,2017.74
12/1/2024,-4999.08,121.3,72.75,73.36,75.19,72.36,-0.008,3.63,-255.81,83.7,603.1
15/01/2024,-1655.19,145,72.62,72.53,72.92,71.2,0.0012,2.91,364.22,69.6,14.72
16/01/2024,139.77,167.63,71.88,72.64,73.5,71.72,-0.0102,5.7,-169.67,87.18,-1620.37
17/01/2024,4581.96,247.08,72.67,71.89,72.7,70.48,0.011,5.8,20.19,57.85,-6382.32
18/01/2024,-1947.53,135.67,73.69,72.67,74.05,72,0.014,3.73,186.2,74.76,334.18
19/01/2024,-1072.97,117.65,73.3,73.69,74.47,72.87,-0.0053,16.37,33891.78,54.8,4884.1
22/01/2024,-8563.71,141.2,74.5,73.06,75.32,72.44,0.0198,2.3,10.07,77.41,3082.81
23/01/2024,668.58,119.54,74.33,74.5,75.11,73.28,-0.0023,7.81,398.52,56.68,-813.29
24/01/2024,3969.43,132.46,75.3,74.34,75.71,73.86,0.013,4.51,-166.02,29.79,5.78
25/01/2024,2607.94,119.84,77,75.31,77.37,75.05,0.0226,4.73,-36.35,48.63,-492.85
26/01/2024,2126.69,127.13,78.05,76.99,78.13,75.95,0.0136,3.77,-656.75,49.48,2635.76
29/01/2024,-6476.46,92.89,76.92,78.78,78.81,76.33,-0.0235,3.31,832.01,51.04,-317.15
30/01/2024,591.39,125.1,77.7,76.92,78.03,75.77,0.0101,3.77,-247.08,54.99,2673.21
31/01/2024,2216.23,181.61,75.78,77.72,78,75.47,-0.0247,7.75,595.11,51.09,877.74
1/2/2024,-4736.17,187.06,74.17,75.78,76.85,73.62,-0.0212,4.29,-222.07,90.21,11086.98
2/2/2024,-1844.9,144.5,72.28,74.17,74.41,71.75,-0.0255,6.15,-684.6,75.27,-8569.47
5/2/2024,2920.6,138.42,72.6,72.7,73.2,71.34,-0.0014,3.76,-6.81,32.88,-1054.49
6/2/2024,2961.31,157.99,73.36,72.62,73.72,72.32,0.0105,3.89,-119.17,39.19,2415.15
7/2/2024,-2859.06,146.82,73.92,73.38,74.14,73.17,0.0076,5.16,-289.14,39.15,-662.17
8/2/2024,-1375.48,166.36,76.39,73.92,76.53,73.52,0.0334,2.81,-122.14,35.79,-2784.98
9/2/2024,-364.45,75.36,76.55,76.38,77.22,75.89,0.0021,4.48,-598.91,25.35,1135.4
12/2/2024,953.88,112.26,76.94,76.41,77.05,75.5,0.0072,4.24,67.96,25.19,93.5
13/02/2024,-1863.78,111.18,77.67,76.92,78.44,76.84,0.0095,8.32,-317.41,15.93,-1441.12
14/02/2024,-2928.22,108.23,76.5,77.66,78.7,76.38,-0.0151,3.51,-335.48,27.11,459.55
15/02/2024,-1003.96,72.85,77.89,76.5,78.33,75.78,0.0182,2.18,142.12,21.02,768.31
16/02/2024,3246.34,168.38,78.47,77.91,78.76,76.94,0.0074,1.73,114.91,39.51,-398.62
19/02/2024,-12413.05,126.72,78.33,78.06,78.78,77.86,-0.0018,2.84,238.19,25.96,-635.97
20/02/2024,-1965.84,203.39,77.44,78.31,78.77,77.06,-0.0114,3.37,-180.5,49.44,1160.29
21/02/2024,-2063.91,184.06,78.31,77.45,78.33,76.55,0.0112,3.56,-435.69,71.62,-105.47
22/02/2024,-1698.44,282.78,78.45,78.3,79.12,77.44,0.0018,1.99,-9.13,70.91,2359.92
23/02/2024,-6222.57,251.54,76.8,78.44,78.58,76.55,-0.021,0.81,103.57,39.2,1799.96
26/02/2024,4355.88,209.64,77.81,76.59,78.2,76.03,0.0157,2.87,236.06,29.77,1014.18
27/02/2024,3907.75,218.47,78.58,77.81,79.13,77.34,0.0099,3.23,-176.19,31.17,1188.1
28/02/2024,7116.64,194.7,78.3,78.56,79.77,77.95,-0.0036,7.47,162.84,63.43,1969.8
29/02/2024,-9484.99,229.59,78.41,78.29,79.42,78.1,0.0014,3.42,-137.3,47.15,954.28
1/3/2024,-9899.56,193.51,79.96,78.42,81,78.2,0.0198,1.56,-141.85,57.08,1074.4
4/3/2024,592.97,220.62,78.81,80.09,80.53,78.69,-0.0156,1.09,-153.76,29.35,-1205.65
5/3/2024,5504.47,204.66,78.34,78.81,79.59,77.64,-0.006,1.57,-220.25,49.87,-5198.97
6/3/2024,-8252.56,286.98,79.17,78.33,80.78,78.11,0.0106,0.76,255.56,27.28,1269.29
7/3/2024,-1522.61,252.51,79.31,79.16,79.63,78.13,0.0018,1.57,-24.1,45.41,1396.11
8/3/2024,-3113.94,189.72,77.93,79.33,80.09,77.66,-0.0174,1.62,42.44,23.65,-1994.4
11/3/2024,2410,93.19,78.16,77.88,78.54,76.87,0.0035,2.7,0.16,16.34,-200.77
12/3/2024,680.8,179.42,78.06,78.17,78.77,77.42,-0.0013,1.49,-90.14,14.96,-484.71
13/03/2024,1458.82,117.13,79.75,78.06,79.94,77.67,0.0217,1.24,25.82,19.57,876.81
14/03/2024,2652.52,247.57,80.97,79.78,81.5,79.69,0.0153,1.19,-70.77,30.59,2006.07
15/03/2024,3236.43,137.76,81.03,80.95,81.36,80.48,0.0007,2.07,-19.3,15.53,722.85
18/03/2024,-803.55,123.72,82.62,81.03,82.94,81,0.0196,1.5,-171.58,29.8,177.71
19/03/2024,-944.32,148.2,82.88,82.66,83.55,82.25,0.0031,1.79,-173.58,32.8,1470.25
20/03/2024,-1578.12,185.63,82.03,82.89,83.06,81.25,-0.0103,0.65,21.57,35.04,-6.33
21/03/2024,-1783.48,242.67,81.34,82,82.31,80.71,-0.0084,1.03,38.44,39.46,1048.45
22/03/2024,2077.01,158.76,81.19,81.32,81.83,80.8,-0.0018,1.24,-82,33.42,-926.01
25/03/2024,2853.02,140.3,82.38,81.22,82.83,81.08,0.0142,3.66,-109.32,57.79,2207.72
26/03/2024,-1597.21,217.35,81.61,82.36,82.67,81.5,-0.0093,1.24,-101.54,25.14,-2137.38
27/03/2024,4790.49,244.14,82.05,81.61,82.08,80.88,0.0054,0.94,-19.36,23.68,-2664.23
28/03/2024,-1105.64,277.22,83.44,82.06,83.53,81.83,0.0169,0.45,107.31,18.32,300.02
1/4/2024,-3316.6,142.85,84.14,83.47,84.76,82.89,0.0083,4.31,-61.05,20.03,-399.15
2/4/2024,4985.46,320.96,85.75,84.12,85.86,84.12,0.0191,0.86,-143.42,27.86,-1075.6
3/4/2024,-2185.82,350.31,85.81,85.73,86.45,85.11,0.0007,1.2,-37.41,19.02,1039.01
4/4/2024,1453.77,230.51,87.22,85.84,87.46,84.89,0.0164,1.22,-91.55,24.17,2324.99
5/4/2024,-5494.61,207.6,86.96,87.22,87.85,86.56,-0.003,1.09,59.58,6.97,2434.21
8/4/2024,256.09,224.68,86.83,86.06,87.3,84.89,0.0087,0.99,-21.74,26.28,-12054.67
9/4/2024,-6468.5,250.75,85.47,86.83,87.16,85.28,-0.0157,2.37,4.8,25.87,-472.43
10/4/2024,7493.9,284.36,86.41,85.5,86.54,84.73,0.011,0.8,15.04,19.62,-2362.37
11/4/2024,-3783.77,238.43,85.61,86.39,86.78,85,-0.0093,0.69,138.44,30.97,-74.38
12/4/2024,-7389.5,263.58,85.6,85.62,87.77,85.47,-0.0001,0.76,-47.07,16.95,1011.08
15/04/2024,7863.94,232.56,85.86,85.7,86.08,84.16,0.002,5.66,175.17,22.73,-213.21
16/04/2024,-12580.21,240.95,85.53,85.89,86.23,84.86,-0.0038,0.62,-8.73,13.62,-193.3
17/04/2024,7018.31,444.43,82.86,85.53,85.58,82.61,-0.0312,3.18,166.02,27.55,-560.93
18/04/2024,-12084.29,256.51,82.59,82.84,83.42,81.64,-0.0033,0.59,91.39,32.36,-1308.5
19/04/2024,-4764.26,220.92,82.69,82.62,86.19,81.72,0.0012,0.73,-36.88,26.25,2910.72
22/04/2024,-8499.08,269.79,82.58,82.42,82.78,81.22,0.0017,0.67,18.88,20.24,-2188.14
23/04/2024,6049.32,348.45,83.92,82.61,84.02,81.37,0.0162,1.41,-23.53,31.31,1417.69
24/04/2024,-957.55,255.88,83.16,83.91,84.16,82.91,-0.0091,1.16,-19.65,19.8,270.29
25/04/2024,975.96,262.04,84.2,83.11,84.29,82.46,0.0125,1.29,-25.81,19.51,-481.47
26/04/2024,-3209.97,233.39,84.14,84.22,84.91,83.8,-0.0007,0.7,9.05,10.58,626.9
29/04/2024,-2100.52,193.26,82.98,83.61,84.31,82.77,-0.0075,2.81,135.81,7.66,25.86
30/04/2024,-7454.79,177.76,81.69,82.97,83.67,81.32,-0.0155,2.84,76.15,12.28,-163.37
1/5/2024,2296.89,258.67,79.44,81.72,81.92,79.17,-0.0275,1.15,-41.61,22.78,-881.2
2/5/2024,265.74,295.93,79.53,79.45,80.22,78.73,0.0011,1.22,-250.39,10.65,-1405.45
3/5/2024,-213.7,176.13,78.29,79.56,79.92,78.26,-0.0156,5.07,-45.22,12.75,-1320.32
6/5/2024,-3203.81,149.76,79.11,78.62,79.34,78.2,0.006,0.62,-141.37,9.19,-43.41
7/5/2024,1914.48,207.68,78.53,79.14,79.3,77.81,-0.0073,0.07,59.57,32.62,-1876.63
8/5/2024,10370.37,290.67,79.47,78.53,79.48,77.12,0.012,0.02,16.01,21.57,-1204.43
9/5/2024,8790.42,300.17,79.84,79.47,80,79.14,0.0047,0.39,-77.39,11.53,-142.93
10/5/2024,-166.51,207.39,78.38,79.86,80.17,78.34,-0.0183,0.04,4.63,10.41,-453.75
13/05/2024,2210.79,292.94,79.25,78.23,79.63,77.92,0.0132,0.06,10.62,25.7,-1713.13
14/05/2024,1952.01,441.12,78.48,79.27,79.5,77.84,-0.0097,4.1,-188.26,22.1,-1393.46
15/05/2024,-7511.87,327.27,78.95,78.47,78.97,76.84,0.006,0.05,2.52,23.52,-1322.87
16/05/2024,10248.56,367.3,79.39,78.97,79.78,78.22,0.0056,0.04,8.06,14.25,1700.1
17/05/2024,-3266.12,283.03,79.98,79.37,80.12,79.06,0.0074,0.06,14.25,8.67,493.18
20/05/2024,4093.32,414.11,79.69,79.81,80.53,79.12,-0.0011,0.06,-13.37,21,-733.63
21/05/2024,6313.18,249.36,78.69,79.69,79.7,78.06,-0.0125,0.1,7.38,18.47,-1799.21
22/05/2024,-7906.68,413.8,77.53,78.71,78.8,77.47,-0.0147,0.2,75.68,17.44,62.47
23/05/2024,-983.8,386.77,77.22,77.53,79.04,76.81,-0.004,0.11,-37.28,22.67,-1199.47
24/05/2024,4794.11,334.77,78.18,77.19,78.4,76.52,0.0124,0.1,-32.92,20.42,-584.23
27/05/2024,-616.28,240.31,78.95,78.17,79.12,78.06,0.0101,0.26,-41.9,7.4,-753.86
28/05/2024,5044.87,296.59,80.55,78.94,80.62,78.94,0.0203,0.11,-0.08,8.17,-158.4
29/05/2024,1339.11,435.05,79.53,80.55,80.92,79.3,-0.0127,0.07,-0.39,6.83,-37.52
30/05/2024,3261.53,369.34,78.03,79.52,79.69,77.92,-0.0189,0.12,27.2,7.78,-1055.37
31/05/2024,7222.43,304.5,77.44,78,78.89,76.94,-0.0076,0.28,-303.4,13.34,-1021.46
3/6/2024,-28.3,219.15,74.28,77,77.75,74.05,-0.0353,0.43,123.13,41.51,-1934.23
4/6/2024,-4562.24,262.92,73.17,74.25,74.31,72.69,-0.0149,0.94,35.52,39.18,-3674.09
5/6/2024,-370.14,263.27,74.62,73.17,74.64,73.06,0.0198,0.25,132.09,16.86,506.13
6/6/2024,11571.59,226.15,75.88,74.64,75.97,74.25,0.0169,14.34,-293.39,24.37,-619.66
7/6/2024,-1760.77,363.38,75.59,75.89,76.42,75.39,-0.0038,0.32,-6.38,5.42,107.99
10/6/2024,6539.5,205.45,78.19,75.47,78.43,75.44,0.0356,0.55,42.98,13.5,504.9
11/6/2024,1007.21,288.57,78.25,78.2,78.48,77.36,0.0008,0.78,48.95,10.98,-1082.05
12/6/2024,9420.21,374.91,78.39,78.23,79.44,78.01,0.0018,0.15,25.86,13.87,475.75
13/06/2024,-5510.11,195.84,77.97,78.39,78.98,77.78,-0.0054,0.38,39.03,10.32,766.01
14/06/2024,1782.69,157.79,78.53,78,79.25,77.88,0.0072,0.08,9.27,7.15,277.86
17/06/2024,-334.29,137,80.19,78.31,80.43,78.02,0.0244,0.29,-50.83,4.74,-146.24
18/06/2024,-6247.9,232.19,81.18,80.28,81.26,79.58,0.0123,0.02,-2.72,12.34,699.42
19/06/2024,7762.5,109.54,80.98,81.15,81.56,80.72,-0.0025,0.23,-31.87,8.68,1581.83
20/06/2024,16754.7,233.42,81.64,81,81.91,80.8,0.0082,1.16,-5.85,8.26,-582.41
21/06/2024,-1345.82,223.47,80.96,81.58,82.16,80.73,-0.0083,0.05,-16.52,8.91,-2.79
24/06/2024,3009.15,141.53,82.03,80.58,82.19,80.58,0.0179,0.45,46.76,9.4,554.07
25/06/2024,-6688.42,157.32,81.06,82.06,82.22,80.89,-0.0118,0.62,-7.66,13.15,33.78
26/06/2024,-501.65,203.21,80.94,81.06,81.96,80.52,-0.0015,1.02,-41.33,9.37,579.12
27/06/2024,2449.26,107.62,82.19,80.97,82.36,80.83,0.0154,0.26,-430.67,6.26,871.05
28/06/2024,-257.86,151.78,81.81,82.16,83.02,81.28,-0.0046,0.73,75.6,6.05,-4.86
1/7/2024,3361.96,195.78,83.67,81.98,83.88,81.88,0.0205,1.12,-21.47,12.4,-998
2/7/2024,1109.3,144.95,83.27,83.66,84.64,82.98,-0.0048,1.08,-41.1,17.14,-1670.32
3/7/2024,-295.98,129.77,83.86,83.25,84.17,82.71,0.0071,3.45,201.6,16.83,499.03
4/7/2024,727.54,144.18,84.16,83.84,84.43,83.25,0.0036,0.17,46.69,5.6,727.52
5/7/2024,-476.71,180.89,83.58,84.17,84.75,83.31,-0.0069,0.51,22.99,17.2,-1352.45
8/7/2024,3667.22,188.43,82.41,83.36,83.38,82.27,-0.0116,2.94,312.61,22.16,-1486.11
9/7/2024,11978.83,230.88,81.84,82.42,82.64,81.42,-0.0069,1.53,194.27,14.71,-868.23
10/7/2024,-5894.89,99.21,82.6,81.86,82.81,80.95,0.0093,2.47,122.14,16.19,-776.87
11/7/2024,2589.83,145.87,83.14,82.61,83.27,81.79,0.0065,4.25,183.37,12.3,-651.81
12/7/2024,-2500.56,90.67,82.33,83.19,83.87,82.24,-0.0097,3.25,130.97,6.36,-226.63
15/07/2024,-1486.72,125.88,81.89,82.36,82.59,81.56,-0.0055,2.59,108.16,2.54,57.9
16/07/2024,-4909.72,137.39,80.77,81.89,81.94,80.33,-0.0137,2.49,-354.24,20.92,-1117.04
17/07/2024,3406.38,117.85,82.78,80.75,82.8,80.53,0.0249,1.58,76.11,5.28,563.44
18/07/2024,7322.16,130.71,81.83,82.75,83.36,81.68,-0.0115,1.45,-327.52,16.99,-115.3
19/07/2024,-7439.98,121.94,79.65,81.81,82.38,79.59,-0.0266,0.26,-30.53,26.23,-2820.01
22/07/2024,-5913.73,114.33,79.14,79.97,80.06,78.49,-0.0101,2.75,-128.78,13.78,-709.86
23/07/2024,-830.2,94.04,78.19,79.12,79.61,77.25,-0.012,0.07,-7.68,14.79,-2134.16
24/07/2024,-6279.14,91.74,78.3,78.2,79.03,77.82,0.0014,4.79,192.32,13.68,-1247.64
25/07/2024,-4260.96,145.13,79.06,78.27,79.29,76.83,0.0097,1.27,213.95,11.63,-1769.84
26/07/2024,-2706.44,80.84,77.21,79.08,79.39,76.97,-0.0234,1.53,81.13,20.38,-192.53
29/07/2024,276.3,79.33,76.3,77.97,78.38,76.04,-0.0212,7.22,410.51,11.35,-1377.22
30/07/2024,-614.41,95.44,75.91,76.31,76.61,75.25,-0.0051,22.65,-2738.38,21.5,87.71
31/07/2024,-194.3,119.46,79.14,75.92,79.3,75.78,0.0426,1.3,132.85,13.35,-325.62
1/8/2024,-4296.22,212.8,77.37,79.17,79.48,76.86,-0.0224,2.25,190.64,10.06,-163.23
2/8/2024,-9819.64,141.69,74.69,77.35,77.86,73.51,-0.0346,1.48,138.85,19.55,-1024.7
5/8/2024,-26861.06,276.29,74.62,74.42,74.73,72.11,0.0024,1.05,87.32,18.82,-1294.48
6/8/2024,-9115.52,133.04,73.25,74.53,74.98,72.64,-0.0184,0.43,-24.79,10.35,439.32
7/8/2024,5712.38,605.49,75.84,73.23,76.25,72.97,0.0354,0.28,53.35,17.85,3099.82
8/8/2024,-407.44,95.21,76.45,75.89,76.89,74.97,0.008,0.08,-2.5,11.76,451.55
9/8/2024,-6862.53,153.85,77.4,76.44,77.45,76.2,0.0124,2,-21882.33,8.17,699.94
12/8/2024,1325.82,91.36,79.83,77.04,80.42,76.98,0.0361,2.18,-335,4.61,142.27
13/08/2024,6211.52,126.05,78.94,79.81,80.39,78.43,-0.0111,1.22,68.01,4.85,1212.05
14/08/2024,27233,180.77,77.7,78.91,79.27,77.37,-0.0157,2.9,333.59,7.28,83.25
15/08/2024,9443.83,177.08,78.4,77.67,79.08,77.39,0.009,2.58,-71.32,6.67,-275.26
16/08/2024,-8318.16,106.89,78.27,78.44,78.56,78.22,-0.0017,0.44,120.98,9.39,-312.98
26/08/2024,2199.72,45.69,76.75,76.67,77.22,76.48,-0.0194,0.92,128.11,7.7,2693.43
27/08/2024,-8860.03,84.92,75.38,76.74,77.02,75.03,-0.0179,1.02,47.63,10.1,1526.42
28/08/2024,-6497.98,106.82,73.98,75.38,75.52,73.5,-0.0186,2.34,227.59,13.73,436.5
29/08/2024,-9265.74,113.64,75.11,73.97,76.27,73.56,0.0153,1.62,142.7,12,1697.88
30/08/2024,-6973.85,94.37,73.18,75.12,75.95,72.92,-0.0257,0.15,34.45,9.84,-976.07
2/9/2024,-4855.87,53.92,73.24,72.54,73.86,72.44,0.0098,2.57,-2543.53,9.73,-711.73
3/9/2024,-7372.33,139.1,69.81,73.28,73.73,69.72,-0.0468,1.49,-507.48,28.52,-2561.32
4/9/2024,-6173.25,106.91,68.84,69.79,70.96,68.44,-0.0139,1.25,-303.44,17.09,1552.43
5/9/2024,1128.16,84.78,68.9,68.83,70.3,68.39,0.0009,0.82,-49.5,18.2,-1419.59
6/9/2024,1341.35,89.86,67.64,68.89,69.64,66.73,-0.0183,1.41,126.08,29.95,-1030.8
9/9/2024,-1962.73,78,68.17,67.8,68.36,66.81,0.0053,3.37,152.21,19.98,-588.6
10/9/2024,-8311.52,88.19,65.72,68.16,68.48,64.78,-0.0359,5.34,111.26,20.55,2640.77
11/9/2024,-6230.43,149.53,66.67,65.73,67.28,65.12,0.0145,0.82,80.43,23.29,1490.62
12/9/2024,-12301.99,105.21,68.55,66.66,69.05,66.66,0.0282,0.5,32.45,21.28,1551.18
13/09/2024,-3527.35,124.6,68.34,68.55,69.44,67.68,-0.0031,1.98,576.92,11.11,-2559.81
16/09/2024,-7822.07,100.53,69.28,67.94,69.66,67.75,0.0196,5.75,281.11,10.13,-471.93
17/09/2024,-4704.44,110.12,69.86,69.28,70.66,68.53,0.0084,12.51,-367.64,10.4,1338.55
18/09/2024,-5086.59,124.75,69.31,69.89,70.26,68.56,-0.0079,0.44,32.64,19.58,-434.53
19/09/2024,2541.43,111.98,70.91,69.34,71.44,69.09,0.0231,2.42,160.7,5.51,159.88
20/09/2024,290.23,92,71.12,70.94,71.31,70.27,0.003,2.28,89.54,6.94,-173.57
23/09/2024,461.76,74.42,70.45,70.92,71.64,69.37,-0.0058,3.18,237.25,15.06,1549.73
24/09/2024,-4304.32,155.8,71.39,70.44,72.2,70.28,0.0133,1.73,62.19,9.8,-212.08
25/09/2024,-2545.16,271.76,69.42,71.39,71.53,69.14,-0.0276,11.94,-259.56,15.84,-7477.18
26/09/2024,58819.72,506.92,67.17,69.5,69.83,66.81,-0.0324,7.11,655.16,42.17,7961.52
27/09/2024,27409.56,312.38,68.45,67.17,68.47,66.9,0.0191,6.6,519.9,11.05,193.15
30/09/2024,-18486.4,163.42,68.14,68.09,69.12,67.41,0.0009,2.55,470.09,15.21,393.02
1/10/2024,1898.91,132.07,70.58,68.13,71.67,66.19,0.0358,4.75,-2859.71,22.35,3336.49
2/10/2024,-13624.47,101.42,70.59,70.56,72.22,69.67,0.0001,2.35,402.32,22.25,-683.29
3/10/2024,-5787.77,105.88,73.55,70.58,73.77,70.31,0.0419,7.16,-633.09,31.13,-979.84
4/10/2024,-7697.36,86.36,74.1,73.55,75.11,73.16,0.0075,1.71,700.23,20.79,7628.09
7/10/2024,-12727.49,92.96,76.75,73.49,77.93,73.38,0.0442,5.28,-10924.92,23.15,3132.6
8/10/2024,-16721.77,124.76,73.47,76.78,76.88,72.33,-0.0427,2.18,595.34,21.47,-3698.01
9/10/2024,-3756.79,61.56,72.85,73.49,73.95,71.2,-0.0084,1.26,246.76,13.56,1139.89
10/10/2024,-4740.26,89.24,75.06,72.86,75.62,72.85,0.0303,3.88,765.74,10.47,1866.49
11/10/2024,-16800.34,113.75,74.9,75.04,75.42,73.98,-0.0021,1.4,147.75,10.3,116.23
14/10/2024,-6182.6,101,71.16,73.65,74.25,70.91,-0.0338,14.87,397.02,11.22,194.61
15/10/2024,-11689.65,166.96,70.48,71.13,71.45,69.27,-0.0096,2.42,92.86,25.21,-4480.33
16/10/2024,-3325.3,143.2,70.13,70.47,70.71,69.17,-0.005,3.1,-458.14,18.93,-1443.14
17/10/2024,657.97,207.16,70.26,70.16,70.53,68.92,0.0019,6.07,650.11,28.6,-11.75
18/10/2024,-2071.4,156.85,68.8,70.24,70.62,68.16,-0.0208,4.63,-1016.54,32.65,-4417.84
21/10/2024,-3533.9,105.57,69.95,68.79,70.34,68.51,0.0167,1.63,-516.68,29.04,299.82
22/10/2024,-911.38,134.31,71.36,69.94,72.03,69.3,0.0202,2.59,163.53,18.6,4294.98
23/10/2024,429.81,106.58,71.11,71.37,71.63,70.08,-0.0035,3.43,185.87,19.81,0.61
24/10/2024,-1487.25,136.44,70.33,71.08,72.23,69.69,-0.011,7.03,115.04,17.98,-217.71
25/10/2024,-6006.82,125.58,71.56,70.36,71.8,69.89,0.0175,7.56,2911.41,9.81,345.6
28/10/2024,-2711.7,108.72,67.8,68.65,68.75,66.82,-0.0125,2.56,925.12,28.21,-3012.15
29/10/2024,2777.76,134.23,67.28,67.81,68.36,66.58,-0.0077,2.16,-4.59,24.59,88.87
30/10/2024,2732.48,127.54,68.75,67.28,68.99,67.14,0.0218,1.16,44.99,29.64,5397.98
31/10/2024,2999.67,138.39,70.33,68.75,70.53,68.09,0.023,3.03,698.35,21.55,5196.56
1/11/2024,3280.4,52.45,69.13,70.34,71.18,69.11,-0.0171,2.7,848.41,15.88,3101.07
4/11/2024,6707.86,94.74,71.22,70.3,71.56,70.12,0.0131,9.77,209.99,8.1,356.51
5/11/2024,3160.54,57.64,71.76,71.21,72.38,71.04,0.0076,3.27,428.88,10.73,17.95
6/11/2024,-919.15,116.33,71.41,71.75,72.33,69.52,-0.0049,1.77,293.48,20.93,1785.5
7/11/2024,-3782.54,74,71.91,71.42,72.54,70.42,0.007,5.06,432.85,21.9,2005.19
8/11/2024,-4678.71,126.17,70.23,71.9,71.97,69.77,-0.0234,3.11,159.18,13.71,-1742.75
11/11/2024,-4937.94,98.25,68.09,70.05,70.34,67.83,-0.0278,2.24,-645.04,7.03,-540.66
12/11/2024,-974.29,103.6,67.92,68.09,68.99,67.67,-0.0025,4.43,273.25,16.76,969.92
13/11/2024,5593.64,98.99,67.89,67.94,68.71,66.83,-0.0004,1.62,-659.79,30.55,-1113.12
14/11/2024,-1500.41,91.51,68.44,67.9,69.25,67.78,0.0081,1.08,238.85,13.44,1390.03
15/11/2024,-1196.03,59.31,66.89,68.43,68.51,66.72,-0.0226,1.31,131.56,9.21,-314.84
18/11/2024,4961.7,124.66,68.93,66.72,69.36,66.66,0.033,0.93,73.74,7.76,492.21
19/11/2024,-3079.08,117.38,69.3,68.92,69.72,68.48,0.0054,0.91,44.56,12.8,191.84
20/11/2024,-1358.57,116.85,69,69.28,69.92,68.62,-0.0043,1.43,-50.69,13.5,964.23
21/11/2024,995.9,145.4,70.05,68.99,70.32,68.82,0.0152,2.17,29.54,8.24,472.14
22/11/2024,-3947.02,89.09,71.06,70.05,71.39,69.22,0.0144,2.87,221.7,8.68,511.23
25/11/2024,-12557.3,102.46,68.52,71.15,71.28,68.52,-0.0368,1.19,-39.21,28.27,1382.9
26/11/2024,-2095.98,101.83,68.73,68.52,70.14,67.95,0.0031,1.21,72.22,20.99,-2081.49
27/11/2024,27726.19,305.22,68.64,68.73,69.22,68.03,-0.0013,1.39,53.05,35.2,-3711.05
28/11/2024,16810.64,217.25,68.7,68.64,69.15,68.13,0.0009,1.14,187.64,32.56,2690.79
29/11/2024,21047.98,201.56,68.5,68.7,69.53,68.11,-0.0029,2.82,622.87,67.37,-1210.04
2/12/2024,8334.8,135.31,68,68.16,68.96,67.58,-0.0023,3.2,-303.2,54.6,6129.01
3/12/2024,-222.58,59.08,69.8,68.03,70.01,67.78,0.0265,2.64,-232.99,18.97,610.58
4/12/2024,-1867.92,91.37,68.54,69.81,70.28,68.31,-0.0181,2.01,365.92,17.04,-952.43
5/12/2024,2701.69,66.45,68.19,68.55,68.91,67.78,-0.0051,2.16,85.44,8.8,-395.95
6/12/2024,8263.95,72.03,67,68.2,68.23,66.82,-0.0175,1.63,35.1,10.79,270.94
9/12/2024,24466.17,311.52,67.93,67.17,68.67,67,0.0115,2.6,163.95,5.73,6.1
10/12/2024,-3067.6,210.8,68.23,67.94,68.79,67.53,0.0044,1.46,-120.57,5.44,320.98
11/12/2024,-916.38,53.47,69.95,68.22,70.14,68.22,0.0252,2.52,-185.51,12.53,36.61
12/12/2024,6689.04,75.41,69.6,69.95,70.32,68.8,-0.005,1.21,-431.86,20.42,1015.47
13/12/2024,1093.38,56.35,70.67,69.6,70.96,69.55,0.0154,1.73,148.46,6.28,494.89
16/12/2024,-11576.32,75.31,70.19,70.69,70.75,70,-0.0071,1.22,-52.38,9.85,182.53
17/12/2024,-12282.15,98.69,69.72,70.19,70.52,68.84,-0.0067,2.11,1.17,26.17,86.16
18/12/2024,-8979.75,102.34,69.38,69.72,70.75,69.33,-0.0049,1.35,153.9,12.16,-297.36
19/12/2024,-4421,164.86,69.13,69.39,70.51,69.05,-0.0036,1.11,211.65,5.42,372.97
20/12/2024,4247.2,111.24,69.48,69.12,69.76,68.39,0.0051,0.54,-248.01,8.02,-845.92
23/12/2024,-1043.3,97.14,69.34,69.5,69.82,68.5,-0.0022,0.67,-3.81,4.28,76.91
24/12/2024,-3440.16,30.9,69.92,69.35,70.28,69.24,0.0084,0.68,-40.9,6.43,582.1
26/12/2024,-5189.56,47.44,69.53,70.07,70.56,69.21,-0.0076,1.52,-14.17,4.01,-243.13
27/12/2024,-1537.11,42.81,70.08,69.52,70.58,69.29,0.0079,1.22,-5.09,4.36,563.96
30/12/2024,359.35,34.86,70.99,70.27,71.33,70.03,0.0101,0.21,0.53,10.94,202.54
31/12/2024,-1789.32,23.03,71.56,71,71.77,70.66,0.008,1.01,-663.07,7.22,118.16
2/1/2025,-1883.08,40.53,72.75,71.81,73.4,71.54,0.0132,0.6,-44.25,6.67,137.03
3/1/2025,-5091.84,108.72,73.61,72.77,73.83,72.36,0.0118,1.38,-32.22,9.12,908.37
6/1/2025,-11299.27,137.39,72.89,73.67,74.47,72.78,-0.0106,1.46,36.33,24.74,163.2
7/1/2025,3063.2,64.91,74.13,72.89,74.22,72.7,0.017,1.89,-297.9,13.34,-632.32
8/1/2025,180.95,98.91,72.73,74.12,74.66,72.69,-0.0189,0.44,395.5,21.69,-276.81
9/1/2025,-3591.92,69.6,73.65,72.74,73.75,72.35,0.0126,0.61,543.86,9.97,188.26
10/1/2025,-5445.39,111.8,75.85,73.66,77,73.44,0.0299,0.45,-196.72,25.99,2882.45
13/01/2025,-5461.45,116.39,77.38,77.16,77.8,76.41,0.0202,0.28,21.16,28.89,2551.91
14/01/2025,-5569.95,102.4,76.8,77.38,77.59,76.3,-0.0075,0.58,-141.27,10.53,1257.32
15/01/2025,-3468.85,138.02,79,76.79,79.38,76.18,0.0286,0.48,0.36,30.24,1619.37
16/01/2025,-599.39,158.83,77.85,78.99,79.13,76.89,-0.0146,0.22,7.02,213.18,-9918.32
17/01/2025,-5756.71,115.71,77.26,77.86,78.41,77.04,-0.0076,0.13,22.14,35.17,3414.38
20/01/2025,-1269.65,135.91,76.26,77.55,77.74,75.75,-0.0166,0.26,-58.65,21.56,-7891.78
21/01/2025,-14782.22,162.46,75.6,76.25,77.02,74.94,-0.0087,0.77,-91.47,32.49,1902.59
22/01/2025,-6649.65,132.17,75.05,75.61,76.28,75.02,-0.0073,0.85,56.89,26.92,-2098.42
23/01/2025,2720.18,115.41,74.09,75.06,75.82,74.03,-0.0128,0.4,-19.31,33.49,4495.21
24/01/2025,-780.79,122.03,74.39,74.08,75.02,73.85,0.004,0.45,-197.11,42.41,-1284.51
27/01/2025,446.16,103.53,72.86,73.91,74.86,72.21,-0.0143,0.38,109.12,9.34,-488.48
28/01/2025,-2622.57,52.75,73.48,72.85,73.99,72.69,0.0085,0.5,-45.57,9.3,480.16
29/01/2025,1266.21,78.09,72.59,73.47,73.69,72.08,-0.0121,0.12,-9.52,6.54,56.34
30/01/2025,-4797.06,52.43,72.85,72.58,73.47,71.73,0.0036,1.76,530.06,10.11,-231.15
31/01/2025,1462.99,61.05,73.43,72.84,73.49,71.68,0.008,2.27,630.05,14.16,-2195.12
3/2/2025,-2240.71,129.09,72.1,73.52,74.25,71.76,-0.0189,6.05,-641.41,23,2044.32
4/2/2025,-2326.03,89.34,72.33,72.09,73.04,70.44,0.0032,5.11,931.65,23.72,-329.57
5/2/2025,1125.76,43.28,71.01,72.32,72.68,70.79,-0.0182,8.42,1562.81,20.6,-212.69
6/2/2025,-4291.61,91.37,70.36,71.02,71.58,70.28,-0.0092,0.14,6.8,14.13,-142.65
7/2/2025,1447.95,118.89,70.86,70.35,71.18,70.33,0.0071,0.08,5.63,8.28,379.58
10/2/2025,-11765.43,111.6,72.17,70.96,72.31,70.96,0.0172,0.36,-119.24,15.45,117.92
11/2/2025,2298.87,62.83,72.96,72.16,73.38,72.06,0.0109,1.47,475.64,26.41,-507.87
12/2/2025,-15105.13,141.84,71.12,72.95,73.02,71.04,-0.0252,0.97,247.55,23.07,-854.67
13/02/2025,-7502.34,137.99,71.3,71.1,71.4,70.17,0.0025,1.89,288.36,8.84,-186.66
14/02/2025,636.72,55.15,70.54,71.3,71.89,70.52,-0.0107,0.15,-44.43,12.93,-874.35
17/02/2025,-2264.7,54.26,71.22,70.29,71.36,70.28,0.0129,0.25,25.3,23.81,-1486.15
18/02/2025,-5079.5,69.61,71.71,71.23,72.02,70.92,0.0069,0.57,81.14,6.51,-3282.75
19/02/2025,-5444.1,75.88,72.08,71.71,72.87,71.69,0.0052,0.49,21.14,4.42,-436.32
20/02/2025,-4652.68,84.04,72.65,72.08,73.1,71.71,0.0079,0.89,277.23,2.91,273.29
21/02/2025,-5357.85,79.8,70.21,72.67,72.71,70.15,-0.0336,2.53,215.18,9.17,-2027.65
24/02/2025,-4559.97,78.77,70.76,70.35,70.93,69.98,0.006,0.43,-50.15,17.51,-4289.48
25/02/2025,-2055.01,118.21,69.02,70.77,71.18,68.63,-0.0246,1.49,72.03,23.57,10255.96
26/02/2025,-1605.24,116.29,68.7,69.02,69.2,68.31,-0.0046,1.39,122.76,17.19,255.59
27/02/2025,3901.15,140.21,70,68.69,70.31,68.5,0.0189,0.76,87.23,6.28,737.23
28/02/2025,990.58,95.68,69.8,70.01,70.08,69.01,-0.0029,4.09,436.75,13.03,-388.74
3/3/2025,-5256.17,83.95,68.09,69.98,70.4,67.76,-0.0271,1.52,413.9,15.64,-2411.88
4/3/2025,-761.67,109.8,67.67,68.1,68.24,66.56,-0.0062,20.78,-7280.08,20.44,6312.39
5/3/2025,-10815.26,140.29,66.19,67.66,67.83,65.01,-0.0219,0.29,19.84,10.65,1706.16
6/3/2025,8245.66,180.18,66.11,66.19,66.72,65.39,-0.0012,0.51,149.56,25.97,-916.85
7/3/2025,-19645.95,176.68,66.86,66.12,67.94,65.91,0.0113,1.24,-100.44,5.95,505.01
10/3/2025,-3633.42,96.12,65.5,66.34,67.33,65.42,-0.0128,1.06,-11.64,24.26,-1952.73
11/3/2025,-8454.75,113.72,66.38,65.51,66.86,65.06,0.0134,1.12,981.88,13.37,6195.33
12/3/2025,6637.98,99.41,67.42,66.39,67.58,65.88,0.0157,0.33,52.54,9.91,5604.41
13/03/2025,640.92,135.54,66.55,67.41,67.68,66.14,-0.0129,0.14,0.36,6.41,-4480.69
14/03/2025,299.36,112.14,66.9,66.57,67.2,66.35,0.0053,0.14,17.85,39.05,-3902.58
17/03/2025,2060.72,58.39,67.19,67.42,68.1,67.02,-0.0033,0.99,1137.31,12.09,631.8
18/03/2025,-3998.09,85.7,66.66,67.22,68.47,66.46,-0.0079,1.39,-341.47,36.67,-8682.45
19/03/2025,2675.76,112.66,67.06,66.66,67.4,66.08,0.006,1.71,610.81,12.63,-1381.89
20/03/2025,1841.23,151.31,68.49,67.05,68.58,66.61,0.0213,0.46,16.84,45.84,-2968.28
21/03/2025,341.26,81.56,68.24,68.43,68.54,67.6,-0.0037,6.19,-644.93,3.41,59.94
24/03/2025,18558.93,98.83,69.05,68.34,69.23,67.88,0.0104,3.45,-32.56,7.7,451.13
25/03/2025,2305.66,79.57,69.16,69.07,69.56,68.42,0.0016,5.57,-144.5,5.22,173.46
26/03/2025,894.66,57.8,69.58,69.16,70.05,68.94,0.0061,8.63,-32.24,7.68,42.97
27/03/2025,-22892.47,107.97,69.72,69.61,69.81,69,0.002,13.25,55.66,3.91,-72.61
31/03/2025,969.11,120.14,71.13,69.26,71.57,68.66,0.0269,1.12,-57.59,22.85,-4266.76
1/4/2025,-1672.34,106.14,71.01,71.16,71.8,70.81,-0.0017,1.68,-164.62,12.32,-21.74
2/4/2025,5323.21,150.02,69.1,71,71.97,69.02,-0.0269,0.88,99.98,59.49,-155.83
3/4/2025,-490.39,246.97,66.44,69.29,69.85,65.79,-0.0385,2.8,-1767.9,78.1,-9282.77
4/4/2025,-17564.71,272.18,62.13,66.47,66.59,60.29,-0.0649,4.27,-46.09,44.74,-2662.48
7/4/2025,4379.18,212.79,61.04,59.63,63.61,58.8,0.0238,2.07,-465.66,22.15,-6719.18
8/4/2025,287.53,145,57.26,60.98,61.52,56.94,-0.0619,3.41,164.09,34.7,-5187.42
9/4/2025,1699.25,173.33,62.47,57.42,62.83,54.78,0.091,1.13,-169.09,37.45,6786.68
10/4/2025,-15260.34,190.35,59.43,62.48,62.61,58.39,-0.0487,0.62,218.44,33.79,2588.41
11/4/2025,-11107.51,138.67,61,59.42,61.3,59.06,0.0264,0.73,45.94,27.1,1162.98
14/04/2025,1894.23,216.59,61.15,60.82,62.12,60.18,0.0056,0.42,-17.63,16.68,1264.88
15/04/2025,1795.38,54.82,60.9,61.16,61.6,60.43,-0.0041,0.64,5.02,12.3,-60.38
16/04/2025,-3869.68,126.49,62.26,60.86,62.38,59.88,0.0223,0.93,-54.47,21.23,-5443.08
17/04/2025,2171.84,71.07,63.7,62.3,64.15,61.96,0.0231,1.13,-90.95,28.91,18680.6
21/04/2025,6442.42,100.77,62.89,63.08,63.36,61.78,-0.0029,1.38,317.95,31.66,143.92
22/04/2025,-7659.49,952.57,64.1,62.84,64.33,62.65,0.0192,1.19,-76.75,35.49,-305.4
23/04/2025,-3307.26,234.28,62.13,64.12,64.72,61.44,-0.0307,0.99,-30.43,28.31,613.34
24/04/2025,-4385.4,116.14,62.64,62.12,63.13,61.91,0.0082,1.78,202.08,11.35,70.49
25/04/2025,11859.03,384.86,62.98,62.67,63.15,61.63,0.0054,0.7,-293.04,26.97,-783.51
28/04/2025,-6694.7,73.23,61.75,62.88,63.27,61.26,-0.0178,1.77,79.17,13.31,15.63
29/04/2025,1572.61,48.07,60.02,61.74,61.81,59.91,-0.028,0.81,75.91,11.51,12.67
30/04/2025,-948.83,39.95,58.08,60.03,60.17,57.68,-0.0323,0.26,62.02,15.71,-262.67
1/5/2025,670.54,68.2,58.64,58.08,59.18,56.14,0.0096,0.38,380.21,12.27,268.75
2/5/2025,-1342.86,57.54,58.17,58.63,59.55,57.48,-0.008,0.57,275.86,17.95,1809.01
5/5/2025,634.55,59.8,56.92,55.7,57.44,55.58,0.0221,0.03,-7.55,17.98,77.88
6/5/2025,7652.67,57.23,59.26,56.93,59.5,56.81,0.0411,0.85,-60.9,32.66,-5057.46
7/5/2025,-1186.69,38.74,57.8,59.25,59.91,57.48,-0.0246,0.09,-15.94,26.03,719.72
8/5/2025,2373.98,87.54,59.81,57.8,59.95,57.72,0.0348,0.99,703.82,18.28,-331.4
9/5/2025,-2356.66,52.12,60.68,59.83,61.04,59.58,0.0145,0.09,-37.11,7.23,133.48
12/5/2025,-779.94,66.22,61.58,60.96,63.18,60.64,0.01,0.09,12.46,23.39,722.83
13/05/2025,-71.85,59.08,63.25,61.58,63.49,61.28,0.0271,0.51,-61.74,21.08,1447.16
14/05/2025,5083.5,64.1,61.75,63.25,63.25,61.45,-0.0237,0.26,27.14,15.11,-1259.55
15/05/2025,6420.86,50.52,61.32,61.8,61.9,60.09,-0.007,0.19,39.09,32.01,690.22
16/05/2025,-1944.11,33.24,61.93,61.33,62.15,60.77,0.0099,1.72,230.86,13.56,-410.39
19/05/2025,199.03,49.31,62.13,62.04,62.64,60.95,0.0016,9.96,-501.97,10.07,-438.17
20/05/2025,3955.45,66.15,62.89,62.13,64.05,61.46,0.0122,0.43,-127.1,10.46,-1210.38
21/05/2025,3859.25,58.89,61.22,62.83,63.16,61.08,-0.0266,0.31,-4.63,13.62,-4190.96
22/05/2025,2516.63,68.99,60.63,61.21,61.61,60.14,-0.0096,0.01,-2.92,5.7,1214.78
23/05/2025,2350.58,37.82,61.59,60.61,61.68,59.9,0.0158,0.54,-28.14,13.16,-2757.99
26/05/2025,-5205.1,45.47,61.28,61.75,61.85,61.08,-0.0078,0.14,28.89,7.64,-583.55
27/05/2025,-2674.4,50.67,61.02,61.3,61.65,60.13,-0.0042,0.6,56.64,9.91,-453.81
28/05/2025,-1420.31,52.81,61.97,61,62.29,60.64,0.0156,0.24,37.42,9.84,-125.53
29/05/2025,-425.6,91.03,60.49,61.95,62.79,60.31,-0.0239,0.18,-110.42,11.78,698.17
30/05/2025,7895.09,122.13,60.26,60.5,61.35,59.49,-0.0038,0.36,88.95,21.44,-221.48
2/6/2025,10478.91,82.79,62.51,61.45,63.26,61.39,0.0171,0.3,39.44,20.87,-1816.76
3/6/2025,-10983.01,31.85,62.68,62.52,63.28,61.86,0.0027,0.18,31.5,5.07,113.88
4/6/2025,-0.49,93.96,62.03,62.72,63.31,61.62,-0.0104,0.43,45.83,15.77,-1107.88
5/6/2025,1819.42,68.84,62.58,62.03,63.31,61.91,0.0089,0.75,20.58,11.13,-507.83
6/6/2025,-954.54,36.95,64.11,62.6,64.11,62.2,0.0244,0.1,-137.61,4.72,230.9
9/6/2025,-2037.46,44.48,64.5,63.9,64.61,63.49,0.0092,1.18,-446.85,5.52,-160.77
10/6/2025,-4262.17,87.26,64.47,64.52,64.79,64.31,-0.0005,0.28,-4.89,7.85,-101.11
11/6/2025,2811.02,75.28,67.41,64.9,67.8,64.9,0.0456,1.29,-221.45,8.9,-276.37
12/6/2025,-305.57,51.68,68.04,67.38,68.13,65.63,0.0093,0.27,135.6,15.81,-1250.53
13/06/2025,1457.22,60.88,71.61,68,74.75,67.73,0.0525,0.29,93.21,30.25,22058.12
16/06/2025,1611.79,63.2,71.69,71.94,72.04,67.91,0.0011,0.43,-84.34,78.17,4544.43
17/06/2025,-1644.92,73.45,73.45,71.13,73.83,69.63,0.0246,0.07,12.71,28.5,-396.87
18/06/2025,-1693.21,46.05,73.2,73.51,74.09,71.25,-0.0034,0.22,-0.12,27.51,1141.03
19/06/2025,1610.48,60.45,73.57,73.22,75.54,72.44,0.0051,3.06,-7302.83,24.13,-162.84
20/06/2025,1322.65,66.79,73.76,73.8,74.02,72.17,0.0026,0.33,-123.3,19.32,-4486.05
23/06/2025,-364.77,60.86,65.59,75.4,75.79,64.17,-0.13,0.79,-6.31,40.96,-1537.12
24/06/2025,1540.27,41.51,64.79,65.5,66.97,63.75,-0.0122,0.07,-8.11,20.97,-3298.72
25/06/2025,-1431.37,48.2,64.57,64.78,65.58,64.16,-0.0034,0.05,-10.09,15.99,-693.64
26/06/2025,688.84,38.39,64.85,64.54,65.91,64.21,0.0043,0.21,30.88,10.07,1581.06
