Date,XAUUSD_profit,XAUUSD_lot,Price,Open,High,Low,Change %,XAUUSD_China_profit,XAUUSD_China_lot,XAUUSD_World_profit,XAUUSD_World_lot
2/1/2024,4936.43,961.46,2058.88,2062.90,2079.02,2056.04,-0.24%,42.63,194.27,-23749.73,175.52
3/1/2024,-6685.04,1152.73,2040.78,2059.15,2066.12,2030.68,-0.88%,13036.66,233.96,-22675.15,125.61
4/1/2024,7197.93,1408.72,2043.26,2041.34,2051.40,2036.24,0.12%,1466.14,201.87,-800.51,39.39
5/1/2024,6598.81,1658.84,2045.50,2043.69,2064.03,2024.49,0.11%,12539.54,328.39,-1322.62,44.43
8/1/2024,-13024.88,1218.58,2027.84,2044.08,2046.71,2016.84,-0.86%,-66006.44,258.17,29358.43,105.80
9/1/2024,-40008.84,1472.30,2029.59,2028.40,2042.09,2026.11,0.09%,13661.82,425.87,374.61,28.61
10/1/2024,-4931.98,1220.26,2023.40,2029.94,2040.44,2020.45,-0.31%,-15081.93,315.12,-654.68,18.52
11/1/2024,6605.08,1671.66,2028.09,2023.74,2039.69,2013.32,0.23%,-27119.23,606.12,21856.17,55.07
12/1/2024,-13330.88,970.37,2048.72,2028.30,2062.35,2027.99,1.02%,13806.61,274.66,-58227.43,49.90
15/01/2024,-4413.84,1160.00,2054.49,2048.09,2059.25,2045.80,0.28%,4243.59,130.08,-34362.72,126.01
16/01/2024,372.73,1341.07,2027.59,2054.91,2055.65,2024.29,-1.31%,-7950.09,270.70,-4257.84,69.24
17/01/2024,12218.57,1976.67,2005.72,2027.90,2033.05,2001.91,-1.08%,-16412.79,639.29,49292.30,167.21
18/01/2024,-5193.40,1085.33,2022.67,2006.09,2023.45,2005.43,0.85%,3395.74,235.72,-6951.04,71.86
19/01/2024,-2861.26,941.22,2029.09,2023.05,2039.49,2020.37,0.32%,-4196.39,289.83,-1139.82,20.19
22/01/2024,-22836.56,1129.61,2020.99,2029.90,2032.28,2016.74,-0.40%,-18013.43,174.52,487.51,21.81
23/01/2024,1782.89,956.33,2028.69,2021.24,2037.92,2019.59,0.38%,4325.91,127.06,-16647.82,46.99
24/01/2024,10585.14,1059.66,2012.59,2028.94,2036.74,2011.28,-0.79%,-1621.79,217.70,-837.96,35.62
25/01/2024,6954.50,958.73,2019.75,2012.84,2025.27,2010.15,0.36%,15876.39,220.09,7169.88,63.28
26/01/2024,5671.18,1017.06,2018.34,2019.94,2026.80,2015.97,-0.07%,6325.03,147.71,-4854.67,47.81
29/01/2024,-17270.56,743.11,2031.75,2019.40,2037.75,2017.38,0.66%,7894.19,119.66,-212.48,18.84
30/01/2024,1577.04,1000.82,2036.12,2031.97,2048.48,2029.19,0.21%,-25561.64,141.60,-853.25,18.53
31/01/2024,5909.94,1452.84,2037.19,2036.58,2056.08,2031.00,0.05%,1317.77,130.44,-2080.12,36.68
1/2/2024,-12629.78,1496.47,2054.89,2037.59,2065.42,2029.55,0.87%,-15890.63,242.29,-1540.62,34.20
2/2/2024,-4919.73,1156.02,2038.59,2055.09,2058.20,2027.45,-0.79%,-2443.84,132.33,145.88,28.60
5/2/2024,7788.28,1107.38,2024.67,2039.91,2042.32,2014.40,-0.68%,-6500.51,175.15,-1277.68,31.07
6/2/2024,7896.82,1263.95,2035.46,2024.99,2039.02,2022.55,0.53%,-4074.71,152.11,-853.92,15.82
7/2/2024,-7624.16,1174.53,2034.22,2035.90,2044.65,2030.65,-0.06%,-6027.08,126.99,1894.20,46.35
8/2/2024,-3667.94,1330.84,2033.18,2034.55,2038.94,2019.75,-0.05%,134.53,126.07,2826.40,46.15
9/2/2024,-971.88,602.86,2024.16,2033.65,2037.44,2020.30,-0.44%,4729.90,62.82,732.34,21.28
12/2/2024,2543.69,898.04,2019.79,2024.53,2028.09,2011.91,-0.22%,-6556.78,96.91,-1510.18,36.85
13/02/2024,-4970.08,889.44,1992.13,2019.90,2030.05,1990.19,-1.37%,-4589.77,142.08,8.38,25.54
14/02/2024,-7808.60,865.83,1992.39,1992.55,1996.14,1984.30,0.01%,-10708.79,125.29,-20362.20,131.18
15/02/2024,-2677.23,582.83,2004.09,1992.69,2008.49,1990.25,0.59%,-1192.08,62.46,4747.26,96.31
16/02/2024,8656.89,1347.00,2013.10,2004.40,2015.25,1995.26,0.45%,8662.10,114.62,-7502.50,108.35
19/02/2024,-33101.48,1013.72,2017.63,2013.16,2023.34,2011.57,0.22%,-2481.55,92.99,1293.54,77.10
20/02/2024,-5242.24,1627.11,2023.53,2017.99,2030.96,2015.02,0.29%,2791.80,271.67,9556.72,67.62
21/02/2024,-5503.76,1472.44,2024.99,2023.80,2032.22,2020.19,0.07%,-21613.03,169.59,5261.29,208.07
22/02/2024,-4529.17,2262.24,2024.11,2025.24,2034.84,2019.70,-0.04%,3597.56,344.47,19764.12,269.17
23/02/2024,-16593.51,2012.34,2035.72,2024.49,2041.43,2015.55,0.57%,-8723.26,457.66,-36344.23,347.39
26/02/2024,11615.69,1677.09,2030.66,2034.49,2037.59,2025.10,-0.25%,7423.76,213.49,-2528.44,198.87
27/02/2024,10420.66,1747.76,2029.64,2030.99,2039.99,2028.78,-0.05%,7418.05,269.01,23733.39,311.70
28/02/2024,18977.71,1557.60,2034.62,2030.05,2038.30,2024.56,0.25%,1036.86,226.14,41563.11,228.99
29/02/2024,-25293.32,1836.74,2043.24,2034.92,2050.79,2027.75,0.42%,15341.16,357.26,-200043.29,425.07
1/3/2024,-26398.82,1548.10,2083.39,2043.44,2088.40,2038.55,1.96%,-76852.71,316.31,-2514.48,40.39
4/3/2024,1581.25,1764.98,2114.99,2082.09,2119.95,2079.45,1.52%,-25951.75,344.98,7136.43,339.62
5/3/2024,14678.58,1637.29,2127.55,2115.15,2142.15,2110.52,0.59%,-7007.91,184.13,19469.33,392.65
6/3/2024,-22006.83,2295.86,2148.29,2127.95,2152.29,2123.65,0.98%,1370.62,549.85,-47806.18,365.76
7/3/2024,-4060.28,2020.07,2159.16,2148.54,2164.54,2144.29,0.51%,-194.80,120.82,-16194.76,398.91
8/3/2024,-8303.83,1517.73,2177.51,2159.40,2195.20,2154.08,0.85%,-33171.79,312.08,-34599.24,172.19
11/3/2024,6426.66,745.50,2182.47,2177.71,2189.04,2174.80,0.23%,-3947.54,139.14,856.65,111.43
12/3/2024,1815.45,1435.36,2157.99,2183.00,2184.86,2150.59,-1.12%,592.53,212.07,3727.97,134.45
13/03/2024,3890.18,937.00,2174.40,2158.25,2179.91,2155.54,0.76%,-10436.72,273.89,-2592.66,37.53
14/03/2024,7073.39,1980.58,2161.01,2174.29,2177.10,2152.86,-0.62%,-6699.29,537.29,-883.99,41.12
15/03/2024,8630.48,1102.07,2155.54,2162.40,2173.25,2155.19,-0.25%,-6504.42,164.39,-2130.59,31.20
18/03/2024,-2142.79,989.74,2159.99,2156.00,2163.64,2146.05,0.21%,7026.80,153.60,3894.56,44.08
19/03/2024,-2518.19,1185.63,2157.23,2160.70,2162.93,2146.90,-0.13%,4376.21,224.18,4900.05,35.79
20/03/2024,-4208.33,1485.07,2185.96,2158.29,2188.90,2149.60,1.33%,6830.58,347.04,-7276.27,52.04
21/03/2024,-4755.94,1941.37,2180.81,2186.00,2222.90,2166.50,-0.24%,8927.58,586.80,-298.26,48.10
22/03/2024,5538.69,1270.10,2164.15,2181.50,2186.25,2157.15,-0.76%,-2481.39,250.38,282.73,39.51
25/03/2024,7608.06,1122.42,2171.45,2165.79,2181.30,2163.50,0.34%,5095.85,228.44,1272.59,19.38
26/03/2024,-4259.24,1738.83,2178.58,2171.82,2200.15,2167.75,0.33%,-7938.55,571.52,-487.51,58.40
27/03/2024,12774.64,1953.10,2194.02,2179.03,2197.71,2173.59,0.71%,18130.78,484.09,8106.83,65.89
28/03/2024,-2948.36,2217.75,2232.38,2194.19,2235.90,2187.33,1.75%,-12165.68,632.67,-13191.93,89.59
1/4/2024,-8844.27,1142.80,2250.36,2239.59,2265.86,2228.54,0.81%,-42607.77,382.42,-2571.92,41.25
2/4/2024,13294.56,2567.67,2280.10,2250.88,2281.17,2246.79,1.32%,-9970.79,657.84,-196.10,41.63
3/4/2024,-5828.87,2802.45,2299.17,2279.57,2301.22,2265.50,0.84%,-54779.50,725.30,-8714.50,240.13
4/4/2024,3876.71,1844.09,2289.43,2299.62,2305.31,2280.15,-0.42%,1521.63,620.79,6870.14,78.23
5/4/2024,-14652.29,1660.80,2329.50,2289.88,2330.34,2267.85,1.75%,-58100.85,442.48,8921.05,65.03
8/4/2024,682.90,1797.42,2338.89,2322.00,2354.09,2302.86,0.40%,8155.91,553.56,15558.98,100.27
9/4/2024,-17249.33,2005.97,2352.58,2339.24,2365.34,2336.94,0.59%,2042.80,500.65,5949.19,89.83
10/4/2024,19983.73,2274.85,2332.79,2352.91,2360.15,2319.54,-0.84%,20944.40,521.70,6432.22,75.14
11/4/2024,-10090.06,1907.41,2373.24,2333.17,2377.80,2325.84,1.73%,-52109.19,624.76,6871.52,82.19
12/4/2024,-19705.33,2108.63,2343.43,2373.59,2431.53,2333.90,-1.26%,-73214.07,603.97,39548.97,289.94
15/04/2024,20970.50,1860.48,2382.51,2343.86,2387.59,2324.59,1.67%,29652.84,470.53,8072.24,125.16
16/04/2024,-33547.22,1927.60,2382.83,2382.86,2398.34,2362.95,0.01%,-76443.48,630.97,6189.72,123.03
17/04/2024,18715.49,3555.46,2360.81,2383.20,2395.63,2354.84,-0.92%,-35263.52,551.05,2938.49,24.48
18/04/2024,-32224.76,2052.10,2378.25,2360.74,2392.84,2360.70,0.74%,-90904.68,566.34,5008.83,91.71
19/04/2024,-12704.69,1767.34,2390.45,2378.60,2417.79,2372.96,0.51%,-65682.10,447.02,13314.32,128.31
22/04/2024,-22664.20,2158.31,2326.29,2388.20,2388.72,2325.29,-2.68%,-65321.16,573.58,-366.07,14.85
23/04/2024,16131.51,2787.58,2321.81,2326.62,2334.48,2291.40,-0.19%,3557.42,536.96,757.55,31.88
24/04/2024,-2553.46,2047.01,2315.82,2322.19,2337.16,2311.90,-0.26%,-7662.95,683.12,2273.64,12.05
25/04/2024,2602.56,2096.28,2331.78,2316.20,2344.86,2305.28,0.69%,4899.59,605.77,1380.97,18.76
26/04/2024,-8559.92,1867.10,2337.72,2332.16,2352.62,2326.30,0.25%,17090.00,240.96,72.96,16.72
29/04/2024,-5601.38,1546.10,2334.44,2337.50,2346.85,2320.08,-0.14%,-15556.62,318.47,-530.63,9.23
30/04/2024,-19879.43,1422.06,2285.57,2335.10,2336.54,2284.94,-2.09%,-36353.83,322.84,1680.43,35.09
1/5/2024,6125.04,2069.36,2317.90,2285.91,2328.40,2281.66,1.41%,-54791.03,348.00,337.32,33.99
2/5/2024,708.65,2367.44,2303.29,2319.89,2326.57,2285.58,-0.63%,-5524.91,281.51,-10732.95,46.16
3/5/2024,-569.87,1409.04,2301.56,2303.20,2321.64,2277.47,-0.08%,1678.25,325.70,2267.55,25.66
6/5/2024,-8543.50,1198.04,2323.57,2302.50,2331.99,2291.79,0.96%,-29555.09,247.98,2225.15,40.43
7/5/2024,5105.29,1661.43,2313.79,2322.50,2330.06,2310.06,-0.42%,-5495.81,350.87,-273.12,9.27
8/5/2024,27654.32,2325.34,2308.65,2314.70,2321.56,2303.85,-0.22%,74010.76,810.10,1288.26,32.73
9/5/2024,23441.13,2401.34,2345.88,2309.04,2347.59,2306.67,1.61%,22971.54,571.58,6328.40,52.81
10/5/2024,-444.02,1659.14,2360.14,2346.26,2378.45,2345.25,0.61%,-5236.29,262.34,4086.02,137.78
13/05/2024,5895.45,2343.55,2336.05,2362.70,2364.94,2332.34,-1.02%,15313.82,1071.81,630.47,16.90
14/05/2024,5205.36,3528.99,2357.97,2338.20,2359.83,2334.55,0.94%,15505.35,1092.42,5508.91,85.53
15/05/2024,-20031.66,2618.14,2386.04,2358.20,2390.36,2351.82,1.19%,-14880.60,523.47,6178.99,51.73
16/05/2024,27329.50,2938.42,2376.44,2386.42,2397.44,2371.01,-0.40%,38708.10,652.39,324.81,41.63
17/05/2024,-8709.64,2264.26,2414.89,2376.81,2422.87,2373.96,1.62%,20682.71,782.52,5651.90,51.99
20/05/2024,10915.53,3312.90,2425.12,2415.02,2450.13,2407.34,0.42%,4311.24,1229.28,-124157.47,198.19
21/05/2024,16835.14,1994.84,2421.64,2426.84,2434.00,2406.32,-0.14%,43319.19,691.63,-500.95,23.47
22/05/2024,-21084.47,3310.41,2378.25,2423.75,2426.64,2374.98,-1.79%,-22343.59,441.56,-25968.50,92.54
23/05/2024,-2623.47,3094.13,2328.37,2378.60,2383.86,2327.00,-2.10%,-15527.40,716.82,-5365.10,47.00
24/05/2024,12784.30,2678.12,2333.76,2328.40,2347.54,2325.40,0.23%,29128.98,450.83,370.87,20.68
27/05/2024,-1643.40,1922.49,2350.74,2334.50,2358.56,2332.36,0.73%,-11216.25,759.25,-1136.82,12.59
28/05/2024,13452.98,2372.68,2360.95,2352.29,2364.12,2340.17,0.43%,20492.86,362.20,1924.04,21.95
29/05/2024,3570.97,3480.42,2338.77,2361.00,2362.86,2334.75,-0.94%,7861.37,740.90,97.76,14.35
30/05/2024,8697.42,2954.72,2343.00,2339.67,2351.83,2322.72,0.18%,4189.19,588.68,-3195.55,23.80
31/05/2024,19259.80,2435.99,2326.97,2345.07,2353.24,2323.96,-0.68%,2152.51,242.32,397.27,43.61
3/6/2024,-75.46,1753.21,2350.35,2329.61,2354.82,2314.76,1.00%,-486.99,333.45,31810.93,177.80
4/6/2024,-12165.97,2103.32,2327.68,2349.00,2351.76,2315.53,-0.96%,-20301.54,452.87,-1863.77,63.98
5/6/2024,-987.04,2106.14,2354.78,2328.00,2358.07,2325.88,1.16%,1812.69,503.10,2059.70,190.43
6/6/2024,30857.58,1809.18,2375.61,2355.16,2378.57,2353.60,0.88%,13553.66,337.74,303.55,25.90
7/6/2024,-4695.39,2907.02,2292.71,2376.50,2387.85,2286.77,-3.49%,32620.83,727.21,208.04,45.64
10/6/2024,17438.66,1643.58,2310.60,2296.00,2313.87,2287.31,0.78%,8159.39,291.98,5067.95,35.65
11/6/2024,2685.88,2308.54,2316.27,2311.00,2320.17,2297.69,0.25%,21123.31,519.98,-3795.05,51.48
12/6/2024,25120.56,2999.24,2322.55,2315.53,2341.70,2310.80,0.27%,34809.61,837.38,3310.24,78.02
13/06/2024,-14693.64,1566.74,2303.19,2325.70,2326.70,2295.68,-0.83%,-22703.60,245.97,933.24,37.31
14/06/2024,4753.85,1262.30,2332.52,2302.52,2336.87,2301.35,1.27%,-8208.80,222.52,-1063.39,21.95
17/06/2024,-891.45,1095.97,2318.87,2332.20,2333.48,2310.02,-0.59%,-4654.13,211.23,245.17,34.83
18/06/2024,-16661.08,1857.54,2328.33,2319.38,2333.25,2306.63,0.41%,-58880.69,310.07,1066.04,33.01
19/06/2024,20699.99,876.29,2327.48,2329.79,2335.10,2323.84,-0.04%,-1370.63,77.37,1534.99,28.14
20/06/2024,44679.21,1867.34,2359.63,2329.15,2365.52,2327.30,1.38%,108413.82,656.95,626.61,77.84
21/06/2024,-3588.87,1787.78,2320.34,2360.30,2368.85,2316.76,-1.66%,29574.06,432.48,1519.94,57.26
24/06/2024,8024.41,1132.20,2332.93,2321.60,2335.02,2317.37,0.54%,2030.98,193.64,1096.54,35.98
25/06/2024,-17835.78,1258.54,2319.01,2333.25,2337.26,2315.56,-0.60%,-21660.96,312.27,-233.78,37.58
26/06/2024,-1337.74,1625.66,2297.91,2320.00,2323.95,2293.70,-0.91%,31782.84,243.56,-334.46,41.47
27/06/2024,6531.37,860.94,2327.45,2299.80,2331.00,2296.50,1.29%,-6011.16,127.49,-6698.56,26.68
28/06/2024,-687.63,1214.26,2325.71,2327.75,2339.79,2319.15,-0.07%,-11353.76,162.55,-423.42,20.92
1/7/2024,8965.22,1566.22,2331.70,2326.46,2338.72,2318.55,0.26%,9158.57,128.55,333.86,13.30
2/7/2024,2958.14,1159.62,2329.28,2332.05,2336.90,2319.24,-0.10%,11385.09,164.14,-692.73,20.55
3/7/2024,-789.27,1038.13,2356.06,2328.00,2365.06,2326.93,1.15%,3340.06,192.15,-39.96,18.26
4/7/2024,1940.11,1153.46,2356.12,2353.70,2362.64,2350.76,0.00%,6532.52,104.72,302.06,18.01
5/7/2024,-1271.23,1447.08,2391.46,2358.01,2393.04,2354.03,1.50%,9322.86,252.08,3549.36,30.54
8/7/2024,9779.24,1507.47,2358.80,2391.77,2391.85,2351.16,-1.37%,-2394.27,348.02,-2409.22,14.91
9/7/2024,31943.53,1847.07,2363.58,2358.60,2371.52,2349.59,0.20%,104097.40,961.96,1434.89,15.12
10/7/2024,-15719.71,793.67,2371.07,2363.80,2386.75,2362.73,0.32%,-8134.89,239.97,-820.70,51.96
11/7/2024,6906.21,1166.96,2414.78,2371.58,2424.62,2370.83,1.84%,-6563.43,359.77,599.03,23.30
12/7/2024,-6668.17,725.32,2411.27,2416.47,2418.37,2391.52,-0.15%,49.79,135.34,109.58,17.71
15/07/2024,-3964.59,1007.07,2422.07,2409.50,2439.74,2401.35,0.45%,-9359.37,313.01,2270.74,28.02
16/07/2024,-13092.58,1099.08,2468.57,2424.80,2469.91,2423.54,1.92%,-10681.37,362.71,-608.65,35.51
17/07/2024,9083.67,942.83,2458.38,2476.22,2483.78,2451.60,-0.41%,2883.25,314.06,7754.19,72.36
18/07/2024,19525.76,1045.70,2444.97,2460.13,2475.02,2440.41,-0.55%,-4550.25,325.82,5.02,45.22
19/07/2024,-19839.94,975.54,2400.79,2445.34,2446.29,2393.92,-1.81%,-32556.76,324.42,1580.15,34.10
22/07/2024,-15769.96,914.62,2397.65,2400.41,2412.32,2384.00,-0.13%,-7931.52,200.22,614.57,65.06
23/07/2024,-2213.86,752.30,2409.21,2396.80,2412.15,2388.26,0.48%,-1189.49,200.61,-4528.88,65.91
24/07/2024,-16744.38,733.90,2397.59,2408.94,2432.05,2396.50,-0.48%,-13157.21,224.14,-9559.78,51.34
25/07/2024,-11362.56,1161.02,2364.50,2398.49,2401.32,2353.19,-1.38%,7498.49,312.25,903.90,57.82
26/07/2024,-7217.17,646.75,2385.57,2364.30,2390.82,2355.89,0.89%,-6865.59,166.36,-889.02,26.96
29/07/2024,736.81,634.67,2383.54,2387.20,2403.23,2369.77,-0.09%,-17479.70,133.23,280.50,12.62
30/07/2024,-1638.42,763.52,2408.43,2383.66,2413.00,2376.51,1.04%,-6370.48,157.95,371.53,12.33
31/07/2024,-518.12,955.67,2448.10,2410.09,2451.00,2410.17,1.65%,-2494.52,148.50,1261.94,18.44
1/8/2024,-11456.58,1702.42,2445.42,2448.10,2462.40,2430.25,-0.11%,11639.23,687.70,-3619.76,40.31
2/8/2024,-26185.72,1133.52,2443.29,2445.16,2477.72,2410.83,-0.09%,-27292.33,266.23,1312.46,34.85
5/8/2024,-71629.48,2210.32,2407.65,2443.27,2458.80,2364.40,-1.46%,-205452.47,635.35,1792.72,14.62
6/8/2024,-24308.04,1064.35,2389.37,2410.01,2418.35,2381.79,-0.76%,-92831.50,471.04,290.52,16.20
7/8/2024,15233.00,4843.90,2381.53,2389.67,2407.05,2379.05,-0.33%,-4754.37,170.76,-59.82,10.81
8/8/2024,-1086.50,761.67,2426.75,2382.43,2427.80,2380.70,1.90%,16698.01,234.58,-2015.38,10.08
9/8/2024,-18300.09,1230.81,2430.93,2427.29,2437.15,2416.93,0.17%,-55515.18,599.01,3936.27,21.19
12/8/2024,3535.51,730.87,2472.25,2431.21,2473.48,2423.84,1.70%,14012.26,238.07,-142.54,16.14
13/08/2024,16564.05,1008.37,2465.03,2472.64,2477.02,2458.50,-0.29%,54942.68,485.57,-4207.24,9.45
14/08/2024,72621.34,1446.12,2447.64,2467.40,2478.49,2438.12,-0.71%,235454.52,749.15,-936.34,22.24
15/08/2024,25183.56,1416.60,2456.10,2448.15,2470.25,2432.19,0.35%,45425.78,763.98,6814.97,13.39
16/08/2024,-22181.76,855.10,2507.28,2456.57,2509.89,2450.76,2.08%,-67559.77,414.37,954.35,9.43
19/08/2024,5345.58,600.62,2503.92,2508.40,2510.45,2485.83,-0.13%,9328.58,241.79,2145.62,15.81
20/08/2024,-12231.09,1288.92,2513.74,2501.55,2532.05,2497.33,0.39%,-15843.20,585.72,-1418.94,21.57
21/08/2024,-6375.70,683.89,2511.95,2512.82,2520.09,2494.15,-0.07%,-4987.32,319.29,-176.06,9.62
22/08/2024,8348.38,1203.48,2483.29,2512.50,2514.82,2470.86,-1.14%,20268.41,681.66,565.81,4.05
23/08/2024,-13056.40,425.60,2512.07,2482.20,2518.45,2481.20,1.16%,-19210.87,145.07,195.31,11.09
26/08/2024,5865.92,365.48,2516.89,2511.43,2527.76,2508.71,0.19%,2182.19,52.66,5718.82,16.93
27/08/2024,-23626.74,679.37,2524.57,2518.30,2526.27,2503.41,0.31%,-65895.60,311.76,-179.05,16.95
28/08/2024,-17327.94,854.55,2502.25,2522.74,2529.15,2493.66,-0.88%,-67059.02,423.33,1009.26,22.22
29/08/2024,-24708.64,909.10,2521.18,2504.65,2528.77,2503.65,0.76%,-81884.78,359.90,-98.53,17.49
30/08/2024,-18596.94,754.92,2503.03,2520.89,2527.07,2494.36,-0.72%,-86251.28,342.83,2992.19,25.00
2/9/2024,-12948.99,431.35,2499.29,2502.74,2507.50,2490.14,-0.15%,-36152.41,144.38,101.38,32.04
3/9/2024,-19659.56,1112.79,2492.76,2500.50,2506.44,2473.25,-0.26%,-49941.21,458.14,1404.09,32.91
4/9/2024,-16462.01,855.30,2494.19,2492.94,2500.20,2471.95,0.06%,-57950.04,395.26,-1037.71,12.26
5/9/2024,3008.42,678.20,2516.32,2495.50,2523.54,2493.76,0.89%,7079.96,185.78,1382.02,8.19
6/9/2024,3576.93,718.89,2497.03,2516.90,2529.30,2485.15,-0.77%,-7907.59,165.52,8985.59,28.43
9/9/2024,-5233.94,624.03,2505.25,2497.32,2507.42,2485.60,0.33%,-39508.53,207.35,696.91,9.33
10/9/2024,-22164.04,705.51,2516.12,2506.84,2518.57,2500.16,0.43%,-42411.82,259.69,592.50,15.54
11/9/2024,-16614.48,1196.26,2511.44,2515.70,2529.40,2501.01,-0.19%,-64269.96,468.58,-3189.79,44.92
12/9/2024,-32805.30,841.65,2558.75,2512.02,2560.21,2511.02,1.88%,-57943.15,301.86,6488.76,34.90
13/09/2024,-9406.25,996.80,2576.50,2556.52,2586.18,2556.52,0.69%,-43896.75,429.29,-855.79,61.05
16/09/2024,-20858.85,804.22,2582.58,2578.06,2589.78,2575.40,0.24%,-54361.22,321.09,-7073.96,18.20
17/09/2024,-12545.17,880.98,2569.52,2582.46,2587.01,2560.84,-0.51%,-36385.80,247.40,-5463.87,18.79
18/09/2024,-13564.25,998.00,2558.80,2571.73,2600.21,2546.98,-0.42%,-31772.49,248.67,-4278.71,28.49
19/09/2024,6777.14,895.82,2586.48,2559.07,2594.89,2551.26,1.08%,20656.72,270.08,1553.15,25.32
20/09/2024,773.96,735.96,2621.96,2587.50,2625.79,2584.81,1.37%,-7719.50,213.03,1208.63,28.19
23/09/2024,1231.35,595.38,2628.40,2621.81,2635.54,2613.60,0.25%,702.41,173.98,1657.27,32.21
24/09/2024,-11478.19,1246.42,2656.70,2628.92,2664.47,2622.58,1.08%,-37872.96,441.01,-9643.32,34.66
25/09/2024,-6787.10,2174.06,2656.82,2655.90,2670.60,2649.84,0.00%,-50021.00,1138.82,-1642.58,22.59
26/09/2024,156852.60,4055.38,2670.20,2657.32,2685.96,2654.56,0.50%,533849.19,2217.79,2994.40,12.29
27/09/2024,73092.16,2499.04,2657.97,2669.50,2674.40,2643.15,-0.46%,240219.23,1306.04,-12139.20,17.33
30/09/2024,-49297.08,1307.33,2634.49,2658.30,2666.11,2624.78,-0.88%,-170394.90,468.17,853.03,6.00
1/10/2024,5063.76,1056.52,2662.82,2635.41,2673.20,2631.98,1.08%,-7252.40,467.57,-4206.70,15.58
2/10/2024,-36331.92,811.34,2657.75,2661.15,2663.85,2641.18,-0.19%,-124375.50,327.33,1.49,15.29
3/10/2024,-15434.05,847.05,2655.90,2658.66,2663.40,2639.73,-0.07%,-62195.71,334.23,113.83,10.58
4/10/2024,-20526.29,690.86,2652.25,2654.39,2670.15,2632.00,-0.14%,-40510.30,178.51,3368.07,40.03
7/10/2024,-33939.98,743.66,2643.58,2651.20,2659.91,2637.70,-0.33%,-124683.88,280.29,-2227.35,10.71
8/10/2024,-44591.40,998.08,2621.94,2643.50,2653.09,2604.79,-0.82%,-136860.00,379.21,2019.28,28.84
9/10/2024,-10018.10,492.45,2607.77,2620.19,2624.65,2605.18,-0.54%,9991.23,106.70,1436.96,17.89
10/10/2024,-12640.69,713.94,2629.48,2608.14,2631.63,2604.15,0.83%,-24836.48,174.75,972.45,26.75
11/10/2024,-44800.92,910.03,2656.00,2630.80,2661.55,2627.65,1.01%,-136286.94,471.35,2552.52,24.93
14/10/2024,-16486.94,807.97,2651.05,2657.21,2666.94,2643.16,-0.19%,-64690.06,283.78,2179.77,14.28
15/10/2024,-31172.41,1335.65,2660.99,2651.75,2669.07,2638.31,0.37%,-85819.52,462.61,325.98,15.35
16/10/2024,-8867.46,1145.56,2673.24,2663.00,2685.73,2658.71,0.46%,-12981.05,489.29,375.42,28.66
17/10/2024,1754.59,1657.27,2692.55,2674.05,2696.80,2673.00,0.72%,25951.76,676.31,-1607.37,42.53
18/10/2024,-5523.73,1254.79,2720.25,2692.41,2722.87,2691.48,1.03%,23325.27,435.95,-15926.97,79.40
21/10/2024,-9423.74,844.59,2719.65,2721.71,2740.61,2714.23,-0.02%,-16598.43,317.89,729.73,11.42
22/10/2024,-2430.36,1074.47,2748.38,2720.00,2749.47,2718.93,1.06%,12251.85,402.87,-753.90,31.61
23/10/2024,1146.17,852.66,2717.54,2749.52,2758.53,2708.79,-1.12%,8087.91,288.46,9289.35,40.57
24/10/2024,-3966.01,1091.53,2735.70,2717.99,2743.38,2715.72,0.67%,-6375.12,472.98,-1101.61,25.18
25/10/2024,-16018.20,1004.65,2747.69,2736.10,2747.97,2716.97,0.44%,-34734.91,332.67,1834.76,22.66
28/10/2024,-7231.20,869.76,2741.98,2734.84,2746.06,2724.72,-0.21%,-33834.70,379.13,7794.54,15.54
29/10/2024,7407.36,1073.80,2775.13,2743.70,2775.89,2739.82,1.21%,61024.24,501.17,-2870.18,52.75
30/10/2024,7286.62,1020.29,2786.19,2775.01,2790.09,2770.65,0.40%,13693.93,511.75,-2898.04,8.59
31/10/2024,7999.13,1107.11,2743.80,2787.75,2790.41,2731.65,-1.52%,599.90,470.17,268.60,25.15
1/11/2024,8747.73,419.62,2735.16,2742.50,2762.29,2733.20,-0.32%,8402.57,150.39,2066.01,22.22
4/11/2024,17887.62,757.94,2736.39,2734.10,2748.30,2729.78,0.05%,47558.01,405.01,233.26,10.78
5/11/2024,8428.11,461.15,2743.59,2736.58,2750.06,2724.75,0.26%,22052.83,153.56,-128.03,12.06
6/11/2024,-2451.06,930.65,2659.24,2743.88,2749.80,2652.44,-3.07%,-35351.74,273.49,-3816.27,36.45
7/11/2024,-10086.76,592.02,2706.99,2659.36,2710.20,2643.50,1.80%,-26812.05,214.44,4503.94,29.15
8/11/2024,-12476.57,1009.33,2683.77,2707.37,2710.51,2680.36,-0.86%,-38542.36,354.54,-4570.23,23.53
11/11/2024,-13167.84,786.01,2620.20,2684.81,2686.51,2610.62,-2.37%,-50210.87,176.67,1034.55,20.69
12/11/2024,-2598.09,828.82,2597.27,2620.31,2627.24,2589.79,-0.88%,-12117.75,290.64,-20095.24,39.93
13/11/2024,14916.36,791.90,2573.78,2597.41,2618.97,2573.00,-0.90%,53381.66,192.17,1720.98,16.08
14/11/2024,-4001.09,732.08,2566.19,2573.91,2581.61,2536.91,-0.29%,-20261.52,159.57,-1238.16,24.25
15/11/2024,-3189.41,474.47,2561.24,2566.54,2576.09,2554.58,-0.19%,-15331.26,194.59,837.03,11.90
18/11/2024,13231.20,997.30,2612.20,2561.59,2615.17,2561.59,1.99%,25141.64,419.00,4913.61,63.58
19/11/2024,-8210.88,939.06,2631.68,2612.29,2639.69,2610.25,0.75%,20431.84,270.73,3286.34,84.34
20/11/2024,-3622.86,934.78,2650.05,2631.80,2655.50,2618.70,0.70%,-75953.34,322.20,-347.64,16.27
21/11/2024,2655.74,1163.18,2669.69,2650.19,2673.86,2647.95,0.74%,23043.91,360.77,1509.39,19.30
22/11/2024,-10525.40,712.74,2712.55,2669.84,2712.91,2667.38,1.61%,-32124.97,342.08,-25660.07,13.55
25/11/2024,-33486.15,819.64,2625.26,2715.10,2721.43,2615.70,-3.22%,-95635.68,401.02,-5585.10,23.57
26/11/2024,-5589.28,814.64,2631.89,2625.38,2642.05,2605.29,0.25%,-496.11,406.69,-4714.30,15.24
27/11/2024,73936.52,2441.77,2635.51,2632.16,2658.40,2627.06,0.14%,215151.70,1383.17,-531.54,6.36
28/11/2024,44828.37,1738.03,2640.96,2635.74,2650.12,2620.95,0.21%,148523.56,925.59,-3640.35,10.56
29/11/2024,56127.94,1612.46,2653.55,2641.20,2666.35,2634.11,0.48%,190916.26,872.57,-1794.92,12.44
2/12/2024,22226.13,1082.50,2638.93,2653.82,2656.21,2621.90,-0.55%,59146.59,456.72,-1030.93,7.03
3/12/2024,-593.54,472.65,2643.44,2639.05,2655.71,2634.12,0.17%,409.35,213.51,-482.29,6.63
4/12/2024,-4981.12,730.97,2649.79,2643.57,2657.36,2632.50,0.24%,-24318.64,314.63,-2312.24,7.37
5/12/2024,7204.51,531.62,2632.05,2649.92,2655.62,2623.55,-0.67%,-4365.43,281.23,-2813.03,6.92
6/12/2024,22037.21,576.25,2632.91,2632.18,2645.69,2613.57,0.03%,79665.72,338.45,789.21,20.64
9/12/2024,65243.13,2492.13,2658.78,2635.52,2676.52,2627.47,0.98%,216402.41,1541.52,1820.99,24.65
10/12/2024,-8180.27,1686.42,2693.64,2658.82,2695.79,2657.95,1.31%,-11163.60,980.60,4136.27,35.60
11/12/2024,-2443.68,427.75,2717.93,2693.76,2721.35,2674.58,0.90%,17190.10,204.05,1425.82,19.02
12/12/2024,17837.43,603.26,2681.33,2718.07,2726.31,2675.04,-1.35%,47515.49,302.97,-6705.32,27.07
13/12/2024,2915.68,450.80,2648.39,2681.47,2693.02,2645.90,-1.23%,13749.14,218.73,-2446.11,19.36
16/12/2024,-30870.18,602.50,2652.50,2649.10,2664.83,2643.34,0.16%,-88465.49,263.61,-2594.58,18.36
17/12/2024,-32752.40,789.53,2645.54,2652.63,2659.22,2633.00,-0.26%,-105179.70,358.80,-422.32,3.41
18/12/2024,-23945.99,818.69,2587.63,2645.68,2652.08,2586.52,-2.19%,-64085.19,246.90,-4033.04,20.54
19/12/2024,-11789.32,1318.91,2593.85,2587.87,2626.73,2583.49,0.24%,4699.08,420.22,-5372.37,22.34
20/12/2024,11325.86,889.94,2620.77,2593.97,2631.92,2589.56,1.04%,5482.71,202.10,-1990.29,12.88
23/12/2024,-2782.14,777.12,2612.93,2622.24,2633.60,2607.97,-0.30%,-37975.05,152.01,-345.50,4.41
24/12/2024,-9173.75,247.17,2613.20,2613.07,2621.83,2609.92,0.01%,-5862.61,44.57,-768.63,3.60
26/12/2024,-13838.82,379.55,2634.43,2619.79,2639.40,2614.13,0.81%,-49255.63,218.38,110.49,6.70
27/12/2024,-4098.95,342.44,2620.00,2634.59,2638.74,2611.30,-0.55%,-9578.58,103.30,-318.03,6.28
30/12/2024,958.26,278.85,2605.39,2620.30,2628.61,2595.90,-0.56%,735.58,71.99,-102.16,5.97
31/12/2024,-4771.53,184.22,2623.81,2606.13,2627.85,2602.50,0.71%,-3904.48,75.11,11.05,5.19
2/1/2025,-5021.55,324.27,2657.16,2626.60,2660.85,2621.51,1.27%,-8995.62,90.89,794.26,14.01
3/1/2025,-13578.23,869.74,2639.12,2657.29,2665.47,2636.40,-0.68%,-39487.72,445.46,-468.47,14.40
6/1/2025,-30131.38,1099.12,2635.33,2641.00,2649.62,2614.60,-0.14%,-107577.54,511.87,38.82,24.79
7/1/2025,8168.54,519.26,2649.49,2636.02,2664.54,2632.57,0.54%,15006.81,160.40,729.18,14.37
8/1/2025,482.54,791.30,2662.06,2649.85,2670.60,2645.03,0.47%,26341.72,215.45,-3381.86,45.81
9/1/2025,-9578.45,556.77,2670.19,2662.20,2675.42,2662.35,0.31%,-2565.54,176.24,-2019.25,43.74
10/1/2025,-14521.03,894.38,2689.63,2670.74,2698.57,2663.65,0.73%,-30665.14,235.49,-4099.92,45.70
13/01/2025,-14563.87,931.12,2662.12,2689.35,2693.77,2656.73,-1.02%,-53377.78,161.62,560.05,31.87
14/01/2025,-14853.19,819.23,2677.16,2662.53,2678.44,2659.79,0.56%,-42702.67,254.29,-941.70,28.78
15/01/2025,-9250.27,1104.17,2695.82,2677.29,2697.85,2669.04,0.70%,-62798.51,284.27,391.43,26.39
16/01/2025,-1598.36,1270.63,2713.77,2695.96,2724.86,2690.00,0.67%,-1645.36,226.40,-2465.95,90.58
17/01/2025,-15351.23,925.70,2701.55,2713.85,2717.73,2698.41,-0.45%,-35242.87,192.92,485.88,8.18
20/01/2025,-3385.74,1087.31,2708.06,2702.51,2714.40,2689.32,0.24%,-18987.05,159.22,-1669.83,8.68
21/01/2025,-39419.25,1299.71,2744.39,2709.01,2746.88,2702.49,1.34%,-93481.06,357.48,-801.25,6.37
22/01/2025,-17732.40,1057.36,2755.02,2745.08,2763.72,2741.83,0.39%,-65356.88,289.79,-1803.93,12.68
23/01/2025,7253.81,923.26,2753.69,2755.96,2759.06,2735.85,-0.05%,29718.31,182.88,623.31,34.91
24/01/2025,-2082.09,976.20,2771.30,2754.06,2786.04,2752.56,0.64%,-4589.76,266.76,-139.51,19.64
27/01/2025,1189.77,828.24,2741.10,2770.70,2773.02,2729.80,-1.09%,610.54,201.68,-987.72,19.82
28/01/2025,-6993.51,421.98,2763.11,2742.57,2765.18,2734.68,0.80%,-13204.60,74.16,430.88,4.86
29/01/2025,3376.56,624.71,2757.71,2763.48,2766.53,2744.71,-0.20%,-8061.26,149.69,-1403.99,7.53
30/01/2025,-12792.17,419.46,2793.88,2757.90,2798.80,2757.24,1.31%,1349.98,74.66,1556.09,8.81
31/01/2025,3901.30,488.38,2801.00,2794.04,2817.57,2790.78,0.25%,3737.40,61.56,1098.57,17.87
3/2/2025,-5975.22,1032.74,2813.49,2801.40,2831.70,2771.69,0.45%,-25544.86,153.60,-6616.37,25.48
4/2/2025,-6202.76,714.74,2841.94,2814.80,2845.57,2806.90,1.01%,-14807.01,150.34,-786.53,31.65
5/2/2025,3002.04,346.27,2865.09,2842.06,2882.53,2839.32,0.81%,9469.23,109.46,-23204.35,13.01
6/2/2025,-11444.29,730.94,2856.50,2865.26,2873.74,2834.40,-0.30%,-22534.82,268.50,843.75,18.25
7/2/2025,3861.21,951.09,2860.39,2856.60,2886.96,2852.55,0.14%,-2496.43,312.84,574.22,43.02
10/2/2025,-31374.47,892.78,2907.34,2864.08,2911.60,2854.69,1.64%,-76811.68,373.03,-769.02,44.68
11/2/2025,6130.31,502.60,2898.34,2907.47,2943.25,2881.76,-0.31%,-6033.32,157.42,-119726.21,30.32
12/2/2025,-40280.35,1134.73,2903.66,2898.90,2909.16,2864.01,0.18%,-125262.04,506.47,1046.27,38.90
13/02/2025,-20006.25,1103.93,2929.03,2904.10,2929.74,2900.20,0.87%,-10624.14,471.80,-1120.59,22.18
14/02/2025,1697.93,441.22,2883.18,2929.19,2940.23,2876.96,-1.57%,2106.55,146.91,-25393.86,15.29
17/02/2025,-6039.19,434.06,2897.66,2883.55,2906.69,2887.20,0.50%,-15177.26,122.89,-209.99,9.43
18/02/2025,-13545.34,556.84,2935.58,2897.51,2937.46,2891.94,1.31%,-33023.44,194.61,-8438.12,18.21
19/02/2025,-14517.59,607.02,2932.64,2935.73,2947.23,2918.50,-0.10%,-62167.29,189.04,-5057.56,31.99
20/02/2025,-12407.15,672.30,2938.70,2932.81,2954.97,2924.20,0.21%,-32984.95,298.56,-2209.86,14.33
21/02/2025,-14287.60,638.43,2936.03,2939.00,2950.01,2916.70,-0.09%,-48685.70,143.94,-1678.86,7.94
24/02/2025,-12159.91,630.17,2951.19,2936.41,2956.37,2920.77,0.52%,-65984.77,118.17,-2720.30,19.19
25/02/2025,-5480.04,945.68,2915.12,2951.82,2954.44,2888.06,-1.22%,-52617.35,295.50,10340.44,37.57
26/02/2025,-4280.64,930.34,2916.19,2915.42,2930.22,2890.99,0.04%,4928.11,292.23,-297.95,40.68
27/02/2025,10403.07,1121.70,2876.19,2916.80,2920.96,2867.86,-1.37%,18762.79,158.16,-1436.45,17.56
28/02/2025,2641.53,765.44,2858.60,2877.66,2885.34,2832.63,-0.61%,24712.16,218.48,840.84,26.76
3/3/2025,-14016.46,671.63,2893.71,2856.71,2895.45,2855.63,1.23%,-1474.07,110.29,1754.91,33.74
4/3/2025,-2031.12,878.38,2917.49,2894.05,2928.15,2881.81,0.82%,-12132.58,100.82,-10283.77,18.11
5/3/2025,-28840.70,1122.34,2918.84,2917.59,2929.94,2894.19,0.05%,-83423.54,389.21,-3350.21,40.59
6/3/2025,21988.42,1441.41,2909.99,2918.98,2926.88,2891.34,-0.30%,40654.38,562.08,2617.04,23.94
7/3/2025,-52389.20,1413.40,2910.79,2910.48,2930.56,2896.71,0.03%,-19858.11,429.25,-573.82,59.35
10/3/2025,-9689.13,768.94,2889.40,2912.17,2918.50,2880.30,-0.73%,27477.11,127.70,4284.80,43.86
11/3/2025,-22545.99,909.72,2916.04,2888.72,2922.22,2880.34,0.92%,-21030.99,220.10,-1759.54,34.73
12/3/2025,17701.29,795.27,2932.06,2916.85,2940.83,2906.19,0.55%,-6869.17,115.81,4949.43,75.98
13/03/2025,1709.13,1084.32,2987.75,2932.66,2989.64,2932.03,1.90%,-3231.10,232.43,-20764.66,48.30
14/03/2025,798.28,897.09,2984.42,2988.38,3005.08,2978.41,-0.11%,-23704.26,159.36,-479.71,13.50
17/03/2025,5495.25,467.10,3001.47,2985.80,3002.23,2982.13,0.57%,3300.42,64.40,113.05,16.77
18/03/2025,-10661.57,685.58,3033.95,2999.11,3038.45,2999.11,1.08%,-17655.97,132.76,-33618.70,102.12
19/03/2025,7135.36,901.29,3047.18,3032.20,3052.30,3022.73,0.44%,-15565.56,134.80,-9631.54,48.21
20/03/2025,4909.95,1210.50,3044.41,3046.31,3057.51,3025.56,-0.09%,-950.69,119.99,-11831.17,55.94
21/03/2025,910.02,652.48,3023.63,3042.60,3047.66,2999.46,-0.68%,14697.75,135.14,10258.78,43.38
24/03/2025,49490.49,790.61,3012.27,3023.03,3033.44,3002.34,-0.38%,8013.72,193.15,-26379.93,79.44
25/03/2025,6148.42,636.59,3019.85,3012.40,3035.94,3007.53,0.25%,-17891.40,228.31,869.49,20.68
26/03/2025,2385.77,462.38,3019.29,3020.13,3032.23,3012.38,-0.02%,2688.20,102.11,1760.46,31.10
27/03/2025,-61046.59,863.76,3056.10,3019.56,3059.75,3017.26,1.22%,-68659.16,315.78,-1669.54,45.09
28/03/2025,-5298.17,821.74,3084.03,3056.35,3086.93,3053.91,0.91%,-21389.89,240.30,-84086.18,34.71
31/03/2025,2584.29,961.12,3123.05,3086.54,3128.29,3076.62,1.27%,11523.18,291.32,-178259.90,60.89
1/4/2025,-4459.57,849.13,3110.55,3123.36,3149.11,3100.85,-0.40%,-109600.48,194.69,-89279.96,30.72
2/4/2025,14195.22,1200.15,3133.57,3111.00,3140.36,3104.81,0.74%,3681.96,136.07,85816.82,282.29
3/4/2025,-1307.72,1975.72,3112.83,3134.16,3168.04,3054.19,-0.66%,15393.22,294.61,76191.74,134.96
4/4/2025,-46839.23,2177.47,3037.36,3113.16,3137.10,3015.64,-2.42%,-643.09,130.43,-79608.36,214.24
7/4/2025,11677.81,1702.34,2982.54,3038.02,3055.88,2956.60,-1.80%,-2362.09,283.78,2220.60,191.78
8/4/2025,766.74,1160.00,2983.78,2983.39,3022.84,2974.45,0.04%,6896.64,166.21,34460.22,314.36
9/4/2025,4531.35,1386.65,3082.18,2984.08,3099.87,2970.01,3.30%,4974.13,160.19,-155050.31,448.00
10/4/2025,-40694.25,1522.82,3173.92,3083.75,3176.94,3071.03,2.98%,-2434.65,279.29,-194832.44,432.68
11/4/2025,-29620.03,1109.33,3236.21,3174.14,3245.69,3174.14,1.96%,34228.18,206.24,-178305.42,298.44
14/04/2025,5051.28,1732.73,3209.28,3237.35,3245.84,3193.41,-0.83%,167434.61,520.71,-81683.52,309.45
15/04/2025,4787.67,438.56,3227.60,3210.21,3234.16,3209.36,0.57%,9284.03,187.25,10856.73,35.42
16/04/2025,-10319.15,1011.94,3343.22,3226.25,3345.19,3226.25,3.58%,-34495.74,302.70,-83060.17,212.67
17/04/2025,5791.56,568.52,3327.54,3344.41,3358.00,3283.87,-0.47%,-52075.56,232.38,-10549.85,81.90
21/04/2025,17179.79,806.16,3424.30,3334.41,3430.93,3327.82,2.91%,-2858.83,197.04,20025.39,152.07
22/04/2025,-20425.31,7620.54,3382.54,3421.57,3500.33,3366.74,-1.22%,-57314.04,4384.26,-161590.62,209.40
23/04/2025,-8819.37,1874.22,3288.26,3382.55,3386.89,3260.50,-2.79%,51168.81,746.42,-76784.18,224.52
24/04/2025,-11694.41,929.12,3349.10,3288.43,3367.59,3287.77,1.85%,8557.07,381.22,-107748.18,164.51
25/04/2025,31624.07,3078.86,3319.45,3347.20,3371.15,3265.25,-0.89%,403223.58,1270.62,198026.84,399.82
28/04/2025,-17852.52,585.80,3341.67,3328.40,3353.33,3267.81,0.67%,-26083.86,251.66,-10060.88,63.56
29/04/2025,4193.63,384.59,3317.18,3341.67,3349.08,3299.23,-0.73%,3744.10,152.31,-35.70,16.92
30/04/2025,-2530.20,319.57,3288.59,3316.92,3328.36,3267.09,-0.86%,-11567.30,91.14,2706.22,13.78
1/5/2025,1788.11,545.60,3241.00,3288.55,3290.94,3202.09,-1.45%,6372.20,264.71,-1989.19,19.22
2/5/2025,-3580.95,460.34,3240.88,3238.55,3269.49,3222.75,0.00%,11484.53,176.49,-1355.86,27.34
5/5/2025,1692.13,478.39,3334.50,3240.00,3337.81,3237.81,2.89%,-27680.33,177.57,8260.39,19.63
6/5/2025,20407.12,457.87,3430.21,3336.39,3435.17,3322.98,2.87%,55026.44,197.73,-2149.30,44.46
7/5/2025,-3164.51,309.92,3365.21,3430.21,3438.59,3360.20,-1.89%,11635.59,113.77,7097.24,30.63
8/5/2025,6330.61,700.35,3305.52,3366.95,3414.96,3288.80,-1.77%,22412.22,142.07,-15248.63,181.83
9/5/2025,-6284.44,416.98,3324.63,3305.51,3347.64,3274.94,0.58%,-2249.01,116.17,-18173.60,98.54
12/5/2025,-2079.84,529.72,3234.70,3324.98,3325.42,3207.67,-2.70%,-11376.73,168.47,-5617.36,37.68
13/05/2025,-191.60,472.65,3248.47,3233.40,3265.44,3215.96,0.43%,2374.59,213.65,-2743.00,20.36
14/05/2025,13555.99,512.78,3178.75,3248.37,3257.39,3167.95,-2.15%,25414.66,227.51,-2221.46,25.62
15/05/2025,17122.31,404.13,3240.87,3178.06,3241.26,3120.52,1.95%,50156.08,251.16,14484.82,19.92
16/05/2025,-5184.28,265.92,3202.77,3239.11,3252.27,3154.32,-1.18%,-8727.57,275.92,3926.09,13.51
19/05/2025,530.76,394.48,3229.85,3214.60,3249.91,3205.98,0.85%,13988.20,145.41,-379.65,10.67
20/05/2025,10547.87,529.23,3290.12,3229.85,3295.98,3204.40,1.87%,-7840.20,335.15,61.93,21.11
21/05/2025,10291.34,471.08,3314.99,3290.12,3325.14,3285.51,0.76%,8437.45,179.25,3879.13,31.91
22/05/2025,6711.01,551.93,3295.00,3316.49,3345.62,3279.55,-0.60%,77424.67,266.50,346.12,5.84
23/05/2025,6268.21,302.56,3357.42,3297.15,3366.39,3287.24,1.89%,-44031.16,103.63,-1114.87,14.17
26/05/2025,-13880.28,363.74,3342.94,3354.30,3357.03,3323.91,-0.43%,-20114.11,175.38,701.19,7.63
27/05/2025,-7131.74,405.37,3300.68,3344.00,3350.21,3285.70,-1.26%,39913.57,161.45,-584.45,10.19
28/05/2025,-3787.48,422.46,3289.76,3300.70,3325.68,3276.31,-0.33%,-13767.05,211.01,-2383.94,23.79
29/05/2025,-1134.94,728.20,3317.02,3286.36,3330.94,3245.55,0.83%,-12120.02,308.39,-7250.73,40.44
30/05/2025,21053.56,977.06,3289.40,3319.51,3322.95,3271.55,-0.83%,-13341.84,122.34,88477.19,434.92
2/6/2025,27943.77,662.35,3380.21,3289.80,3383.24,3289.41,2.76%,-7676.41,79.88,42673.06,272.19
3/6/2025,-29288.01,254.78,3352.25,3379.99,3392.53,3333.08,-0.83%,-77541.36,124.98,4532.70,30.09
4/6/2025,-1.32,751.65,3376.54,3352.56,3384.84,3343.76,0.72%,-4488.53,150.91,-8546.70,304.55
5/6/2025,4851.80,550.74,3354.16,3376.55,3403.55,3339.20,-0.66%,47557.03,117.73,-1649.01,46.76
6/6/2025,-2545.44,295.58,3310.17,3354.26,3375.74,3306.87,-1.31%,-15313.81,159.39,-2240.52,35.91
9/6/2025,-5433.22,355.86,3328.33,3311.51,3338.43,3293.70,0.55%,21712.31,99.99,2567.04,49.32
10/6/2025,-11365.80,698.04,3323.02,3328.58,3349.28,3301.92,-0.16%,-23724.67,332.69,-17399.59,125.22
11/6/2025,7496.05,602.21,3353.84,3322.52,3360.82,3315.23,0.93%,2035.58,257.37,5109.18,116.89
12/6/2025,-814.85,413.45,3385.29,3357.24,3399.16,3338.64,0.94%,11954.84,198.01,4615.38,16.65
13/06/2025,3885.91,487.02,3432.64,3385.30,3447.02,3379.79,1.40%,-3760.11,246.02,3465.43,19.23
16/06/2025,4298.10,505.57,3383.20,3431.54,3451.62,3382.40,-1.44%,8491.83,219.28,7726.17,11.81
17/06/2025,-4386.45,587.62,3388.74,3383.20,3403.39,3366.25,0.16%,-23204.11,342.38,501.71,5.66
18/06/2025,-4515.22,368.37,3369.09,3390.40,3400.05,3362.54,-0.58%,-22031.77,290.85,4968.77,11.13
19/06/2025,4294.61,483.58,3370.75,3369.08,3388.07,3347.59,0.05%,15933.19,214.82,623.44,7.35
20/06/2025,3527.07,534.32,3368.23,3370.82,3374.63,3340.38,-0.07%,-2984.51,178.14,-1439.57,8.54
23/06/2025,-972.72,486.87,3368.88,3367.17,3399.25,3347.25,0.02%,-7614.82,138.44,-1693.36,6.36
24/06/2025,4107.39,332.10,3324.20,3368.79,3371.01,3295.38,-1.33%,5220.43,98.91,-5304.21,6.92
25/06/2025,-3816.99,385.60,3332.46,3324.20,3337.23,3312.00,0.25%,-8267.04,136.27,-192.45,1.11
26/06/2025,1836.90,307.12,3328.06,3332.47,3350.47,3310.01,-0.13%,-986.10,107.41,-3468.13,3.26
27/06/2025,5922.25,355.68,3274.25,3328.06,3328.88,3255.72,-1.62%,12870.34,88.38,-352.04,8.82
30/06/2025,-6439.57,225.90,3303.69,3272.65,3309.58,3247.86,0.90%,-3173.05,64.56,8221.81,7.38
